<?xml version="1.0" encoding="UTF-8"?>
<!-- Product Version: Vivado v2017.3.1 (64-bit)                   -->
<!--                                                              -->
<!-- Copyright 1986-2017 Xilinx, Inc. All Rights Reserved.        -->

<hwsession version="1" minor="2">
  <device name="xc7a35t_0" gui_info=""/>
  <ObjectList object_type="hw_device" gui_info="">
    <Object name="xc7a35t_0" gui_info="">
      <Properties Property="FULL_PROBES.FILE" value=""/>
      <Properties Property="PROBES.FILE" value=""/>
      <Properties Property="PROGRAM.HW_BITSTREAM" value="$_project_name_.runs/impl_1/top_bd_wrapper.bit"/>
      <Properties Property="SLR.COUNT" value="/home/nicola/Documents/vivado/1"/>
    </Object>
  </ObjectList>
  <ObjectList object_type="hw_ila" gui_info="">
    <Object name="top_bd_i/system_ila_0/U0/ila_lib" gui_info="">
      <Properties Property="CONTROL.TRIGGER_CONDITION" value="AND"/>
      <Properties Property="CORE_REFRESH_RATE_MS" value="500"/>
    </Object>
    <Object name="u_ila_0" gui_info="">
      <Properties Property="CONTROL.TRIGGER_CONDITION" value="AND"/>
      <Properties Property="CORE_REFRESH_RATE_MS" value="500"/>
    </Object>
  </ObjectList>
  <ObjectList object_type="hw_probe" gui_info="">
    <Object name="top_bd_i/system_ila_0/U0/net_slot_0_axis_tready" gui_info="Trigger Setup=1"/>
    <Object name="top_bd_i/system_ila_0/U0/net_slot_0_axis_tvalid" gui_info="Trigger Setup=0"/>
    <Object name="top_bd_i/system_ila_0/U0/net_slot_1_axis_tvalid" gui_info="Trigger Setup=2"/>
  </ObjectList>
  <probeset name="hw project" active="false">
    <probe type="ila" busType="net" source="netlist" spec="ILA_V2_RT">
      <probeOptions Id="DebugProbeParams">
        <Option Id="CAPTURE_COMPARE_VALUE" value="eq24&apos;hXX_XXXX"/>
        <Option Id="COMPARE_VALUE.0" value="eq24&apos;hXX_XXXX"/>
        <Option Id="DISPLAY_HINT" value=""/>
        <Option Id="DISPLAY_VISIBILITY" value=""/>
        <Option Id="HW_ILA" value="hw_ila_1"/>
        <Option Id="LINK_TO_WAVEFORM" value="1"/>
        <Option Id="MAP" value="probe1[23:0]"/>
        <Option Id="NAME.CUSTOM" value=""/>
        <Option Id="NAME.SELECT" value="Long"/>
        <Option Id="SOURCE" value="netlist"/>
        <Option Id="TRIGGER_COMPARE_VALUE" value="eq24&apos;hXX_XXXX"/>
      </probeOptions>
      <nets>
        <net name="top_bd_i/system_ila_0/U0/net_slot_0_axis_tdata[23]"/>
        <net name="top_bd_i/system_ila_0/U0/net_slot_0_axis_tdata[22]"/>
        <net name="top_bd_i/system_ila_0/U0/net_slot_0_axis_tdata[21]"/>
        <net name="top_bd_i/system_ila_0/U0/net_slot_0_axis_tdata[20]"/>
        <net name="top_bd_i/system_ila_0/U0/net_slot_0_axis_tdata[19]"/>
        <net name="top_bd_i/system_ila_0/U0/net_slot_0_axis_tdata[18]"/>
        <net name="top_bd_i/system_ila_0/U0/net_slot_0_axis_tdata[17]"/>
        <net name="top_bd_i/system_ila_0/U0/net_slot_0_axis_tdata[16]"/>
        <net name="top_bd_i/system_ila_0/U0/net_slot_0_axis_tdata[15]"/>
        <net name="top_bd_i/system_ila_0/U0/net_slot_0_axis_tdata[14]"/>
        <net name="top_bd_i/system_ila_0/U0/net_slot_0_axis_tdata[13]"/>
        <net name="top_bd_i/system_ila_0/U0/net_slot_0_axis_tdata[12]"/>
        <net name="top_bd_i/system_ila_0/U0/net_slot_0_axis_tdata[11]"/>
        <net name="top_bd_i/system_ila_0/U0/net_slot_0_axis_tdata[10]"/>
        <net name="top_bd_i/system_ila_0/U0/net_slot_0_axis_tdata[9]"/>
        <net name="top_bd_i/system_ila_0/U0/net_slot_0_axis_tdata[8]"/>
        <net name="top_bd_i/system_ila_0/U0/net_slot_0_axis_tdata[7]"/>
        <net name="top_bd_i/system_ila_0/U0/net_slot_0_axis_tdata[6]"/>
        <net name="top_bd_i/system_ila_0/U0/net_slot_0_axis_tdata[5]"/>
        <net name="top_bd_i/system_ila_0/U0/net_slot_0_axis_tdata[4]"/>
        <net name="top_bd_i/system_ila_0/U0/net_slot_0_axis_tdata[3]"/>
        <net name="top_bd_i/system_ila_0/U0/net_slot_0_axis_tdata[2]"/>
        <net name="top_bd_i/system_ila_0/U0/net_slot_0_axis_tdata[1]"/>
        <net name="top_bd_i/system_ila_0/U0/net_slot_0_axis_tdata[0]"/>
      </nets>
    </probe>
    <probe type="ila" busType="net" source="netlist" spec="ILA_V2_RT">
      <probeOptions Id="DebugProbeParams">
        <Option Id="CAPTURE_COMPARE_VALUE" value="eq1&apos;bX"/>
        <Option Id="COMPARE_VALUE.0" value="eq1&apos;bX"/>
        <Option Id="DISPLAY_HINT" value=""/>
        <Option Id="DISPLAY_VISIBILITY" value=""/>
        <Option Id="HW_ILA" value="hw_ila_1"/>
        <Option Id="LINK_TO_WAVEFORM" value="1"/>
        <Option Id="MAP" value="probe4[0]"/>
        <Option Id="NAME.CUSTOM" value=""/>
        <Option Id="NAME.SELECT" value="Long"/>
        <Option Id="SOURCE" value="netlist"/>
        <Option Id="TRIGGER_COMPARE_VALUE" value="eq1&apos;bX"/>
      </probeOptions>
      <nets>
        <net name="top_bd_i/system_ila_0/U0/net_slot_0_axis_tlast"/>
      </nets>
    </probe>
    <probe type="ila" busType="net" source="netlist" spec="ILA_V2_RT">
      <probeOptions Id="DebugProbeParams">
        <Option Id="CAPTURE_COMPARE_VALUE" value="eq1&apos;bX"/>
        <Option Id="COMPARE_VALUE.0" value="eq1&apos;bX"/>
        <Option Id="DISPLAY_HINT" value=""/>
        <Option Id="DISPLAY_VISIBILITY" value=""/>
        <Option Id="HW_ILA" value="hw_ila_1"/>
        <Option Id="LINK_TO_WAVEFORM" value="1"/>
        <Option Id="MAP" value="probe3[0]"/>
        <Option Id="NAME.CUSTOM" value=""/>
        <Option Id="NAME.SELECT" value="Long"/>
        <Option Id="SOURCE" value="netlist"/>
        <Option Id="TRIGGER_COMPARE_VALUE" value="eq1&apos;bX"/>
      </probeOptions>
      <nets>
        <net name="top_bd_i/system_ila_0/U0/net_slot_0_axis_tready"/>
      </nets>
    </probe>
    <probe type="ila" busType="net" source="netlist" spec="ILA_V2_RT">
      <probeOptions Id="DebugProbeParams">
        <Option Id="CAPTURE_COMPARE_VALUE" value="eq1&apos;bX"/>
        <Option Id="COMPARE_VALUE.0" value="eq1&apos;bX"/>
        <Option Id="DISPLAY_HINT" value=""/>
        <Option Id="DISPLAY_VISIBILITY" value=""/>
        <Option Id="HW_ILA" value="hw_ila_1"/>
        <Option Id="LINK_TO_WAVEFORM" value="1"/>
        <Option Id="MAP" value="probe2[0]"/>
        <Option Id="NAME.CUSTOM" value=""/>
        <Option Id="NAME.SELECT" value="Long"/>
        <Option Id="SOURCE" value="netlist"/>
        <Option Id="TRIGGER_COMPARE_VALUE" value="eq1&apos;bX"/>
      </probeOptions>
      <nets>
        <net name="top_bd_i/system_ila_0/U0/net_slot_0_axis_tvalid"/>
      </nets>
    </probe>
    <probe type="ila" busType="net" source="netlist" spec="ILA_V2_RT">
      <probeOptions Id="DebugProbeParams">
        <Option Id="CAPTURE_COMPARE_VALUE" value="eq24&apos;hXX_XXXX"/>
        <Option Id="COMPARE_VALUE.0" value="eq24&apos;hXX_XXXX"/>
        <Option Id="DISPLAY_HINT" value=""/>
        <Option Id="DISPLAY_VISIBILITY" value=""/>
        <Option Id="HW_ILA" value="hw_ila_1"/>
        <Option Id="LINK_TO_WAVEFORM" value="1"/>
        <Option Id="MAP" value="probe5[23:0]"/>
        <Option Id="NAME.CUSTOM" value=""/>
        <Option Id="NAME.SELECT" value="Long"/>
        <Option Id="SOURCE" value="netlist"/>
        <Option Id="TRIGGER_COMPARE_VALUE" value="eq24&apos;hXX_XXXX"/>
      </probeOptions>
      <nets>
        <net name="top_bd_i/system_ila_0/U0/net_slot_1_axis_tdata[23]"/>
        <net name="top_bd_i/system_ila_0/U0/net_slot_1_axis_tdata[22]"/>
        <net name="top_bd_i/system_ila_0/U0/net_slot_1_axis_tdata[21]"/>
        <net name="top_bd_i/system_ila_0/U0/net_slot_1_axis_tdata[20]"/>
        <net name="top_bd_i/system_ila_0/U0/net_slot_1_axis_tdata[19]"/>
        <net name="top_bd_i/system_ila_0/U0/net_slot_1_axis_tdata[18]"/>
        <net name="top_bd_i/system_ila_0/U0/net_slot_1_axis_tdata[17]"/>
        <net name="top_bd_i/system_ila_0/U0/net_slot_1_axis_tdata[16]"/>
        <net name="top_bd_i/system_ila_0/U0/net_slot_1_axis_tdata[15]"/>
        <net name="top_bd_i/system_ila_0/U0/net_slot_1_axis_tdata[14]"/>
        <net name="top_bd_i/system_ila_0/U0/net_slot_1_axis_tdata[13]"/>
        <net name="top_bd_i/system_ila_0/U0/net_slot_1_axis_tdata[12]"/>
        <net name="top_bd_i/system_ila_0/U0/net_slot_1_axis_tdata[11]"/>
        <net name="top_bd_i/system_ila_0/U0/net_slot_1_axis_tdata[10]"/>
        <net name="top_bd_i/system_ila_0/U0/net_slot_1_axis_tdata[9]"/>
        <net name="top_bd_i/system_ila_0/U0/net_slot_1_axis_tdata[8]"/>
        <net name="top_bd_i/system_ila_0/U0/net_slot_1_axis_tdata[7]"/>
        <net name="top_bd_i/system_ila_0/U0/net_slot_1_axis_tdata[6]"/>
        <net name="top_bd_i/system_ila_0/U0/net_slot_1_axis_tdata[5]"/>
        <net name="top_bd_i/system_ila_0/U0/net_slot_1_axis_tdata[4]"/>
        <net name="top_bd_i/system_ila_0/U0/net_slot_1_axis_tdata[3]"/>
        <net name="top_bd_i/system_ila_0/U0/net_slot_1_axis_tdata[2]"/>
        <net name="top_bd_i/system_ila_0/U0/net_slot_1_axis_tdata[1]"/>
        <net name="top_bd_i/system_ila_0/U0/net_slot_1_axis_tdata[0]"/>
      </nets>
    </probe>
    <probe type="ila" busType="net" source="netlist" spec="ILA_V2_RT">
      <probeOptions Id="DebugProbeParams">
        <Option Id="CAPTURE_COMPARE_VALUE" value="eq1&apos;bX"/>
        <Option Id="COMPARE_VALUE.0" value="eq1&apos;bX"/>
        <Option Id="DISPLAY_HINT" value=""/>
        <Option Id="DISPLAY_VISIBILITY" value=""/>
        <Option Id="HW_ILA" value="hw_ila_1"/>
        <Option Id="LINK_TO_WAVEFORM" value="1"/>
        <Option Id="MAP" value="probe8[0]"/>
        <Option Id="NAME.CUSTOM" value=""/>
        <Option Id="NAME.SELECT" value="Long"/>
        <Option Id="SOURCE" value="netlist"/>
        <Option Id="TRIGGER_COMPARE_VALUE" value="eq1&apos;bX"/>
      </probeOptions>
      <nets>
        <net name="top_bd_i/system_ila_0/U0/net_slot_1_axis_tlast"/>
      </nets>
    </probe>
    <probe type="ila" busType="net" source="netlist" spec="ILA_V2_RT">
      <probeOptions Id="DebugProbeParams">
        <Option Id="CAPTURE_COMPARE_VALUE" value="eq1&apos;bX"/>
        <Option Id="COMPARE_VALUE.0" value="eq1&apos;bX"/>
        <Option Id="DISPLAY_HINT" value=""/>
        <Option Id="DISPLAY_VISIBILITY" value=""/>
        <Option Id="HW_ILA" value="hw_ila_1"/>
        <Option Id="LINK_TO_WAVEFORM" value="1"/>
        <Option Id="MAP" value="probe7[0]"/>
        <Option Id="NAME.CUSTOM" value=""/>
        <Option Id="NAME.SELECT" value="Long"/>
        <Option Id="SOURCE" value="netlist"/>
        <Option Id="TRIGGER_COMPARE_VALUE" value="eq1&apos;bX"/>
      </probeOptions>
      <nets>
        <net name="top_bd_i/system_ila_0/U0/net_slot_1_axis_tready"/>
      </nets>
    </probe>
    <probe type="ila" busType="net" source="netlist" spec="ILA_V2_RT">
      <probeOptions Id="DebugProbeParams">
        <Option Id="CAPTURE_COMPARE_VALUE" value="eq1&apos;bX"/>
        <Option Id="COMPARE_VALUE.0" value="eq1&apos;b1"/>
        <Option Id="DISPLAY_HINT" value=""/>
        <Option Id="DISPLAY_VISIBILITY" value=""/>
        <Option Id="HW_ILA" value="hw_ila_1"/>
        <Option Id="LINK_TO_WAVEFORM" value="1"/>
        <Option Id="MAP" value="probe6[0]"/>
        <Option Id="NAME.CUSTOM" value=""/>
        <Option Id="NAME.SELECT" value="Long"/>
        <Option Id="SOURCE" value="netlist"/>
        <Option Id="TRIGGER_COMPARE_VALUE" value="eq1&apos;b1"/>
      </probeOptions>
      <nets>
        <net name="top_bd_i/system_ila_0/U0/net_slot_1_axis_tvalid"/>
      </nets>
    </probe>
    <probe type="ila" busType="net" source="netlist" spec="ILA_V2_RT">
      <probeOptions Id="DebugProbeParams">
        <Option Id="CAPTURE_COMPARE_VALUE" value="eq10&apos;hXXX"/>
        <Option Id="COMPARE_VALUE.0" value="eq10&apos;hXXX"/>
        <Option Id="DISPLAY_HINT" value=""/>
        <Option Id="DISPLAY_VISIBILITY" value=""/>
        <Option Id="HW_ILA" value="hw_ila_1"/>
        <Option Id="LINK_TO_WAVEFORM" value="1"/>
        <Option Id="MAP" value="probe0[9:0]"/>
        <Option Id="NAME.CUSTOM" value="Pmod_JSTK2_0_jstk_y"/>
        <Option Id="NAME.SELECT" value="Custom"/>
        <Option Id="SOURCE" value="netlist"/>
        <Option Id="TRIGGER_COMPARE_VALUE" value="eq10&apos;hXXX"/>
      </probeOptions>
      <nets>
        <net name="top_bd_i/system_ila_0/U0/probe0_1[9]"/>
        <net name="top_bd_i/system_ila_0/U0/probe0_1[8]"/>
        <net name="top_bd_i/system_ila_0/U0/probe0_1[7]"/>
        <net name="top_bd_i/system_ila_0/U0/probe0_1[6]"/>
        <net name="top_bd_i/system_ila_0/U0/probe0_1[5]"/>
        <net name="top_bd_i/system_ila_0/U0/probe0_1[4]"/>
        <net name="top_bd_i/system_ila_0/U0/probe0_1[3]"/>
        <net name="top_bd_i/system_ila_0/U0/probe0_1[2]"/>
        <net name="top_bd_i/system_ila_0/U0/probe0_1[1]"/>
        <net name="top_bd_i/system_ila_0/U0/probe0_1[0]"/>
      </nets>
    </probe>
    <probe type="ila" busType="net" source="netlist" spec="ILA_V2_RT">
      <probeOptions Id="DebugProbeParams">
        <Option Id="CAPTURE_COMPARE_VALUE" value="eq24&apos;hXX_XXXX"/>
        <Option Id="COMPARE_VALUE.0" value="eq24&apos;hXX_XXXX"/>
        <Option Id="DISPLAY_HINT" value=""/>
        <Option Id="DISPLAY_VISIBILITY" value=""/>
        <Option Id="HW_ILA" value="hw_ila_1"/>
        <Option Id="LINK_TO_WAVEFORM" value="1"/>
        <Option Id="MAP" value="probe2[23:0]"/>
        <Option Id="NAME.CUSTOM" value=""/>
        <Option Id="NAME.SELECT" value="Long"/>
        <Option Id="SOURCE" value="netlist"/>
        <Option Id="TRIGGER_COMPARE_VALUE" value="eq24&apos;hXX_XXXX"/>
      </probeOptions>
      <nets>
        <net name="top_bd_i/volume_controller_0/U0/m_axis_tdata[23]"/>
        <net name="top_bd_i/volume_controller_0/U0/m_axis_tdata[22]"/>
        <net name="top_bd_i/volume_controller_0/U0/m_axis_tdata[21]"/>
        <net name="top_bd_i/volume_controller_0/U0/m_axis_tdata[20]"/>
        <net name="top_bd_i/volume_controller_0/U0/m_axis_tdata[19]"/>
        <net name="top_bd_i/volume_controller_0/U0/m_axis_tdata[18]"/>
        <net name="top_bd_i/volume_controller_0/U0/m_axis_tdata[17]"/>
        <net name="top_bd_i/volume_controller_0/U0/m_axis_tdata[16]"/>
        <net name="top_bd_i/volume_controller_0/U0/m_axis_tdata[15]"/>
        <net name="top_bd_i/volume_controller_0/U0/m_axis_tdata[14]"/>
        <net name="top_bd_i/volume_controller_0/U0/m_axis_tdata[13]"/>
        <net name="top_bd_i/volume_controller_0/U0/m_axis_tdata[12]"/>
        <net name="top_bd_i/volume_controller_0/U0/m_axis_tdata[11]"/>
        <net name="top_bd_i/volume_controller_0/U0/m_axis_tdata[10]"/>
        <net name="top_bd_i/volume_controller_0/U0/m_axis_tdata[9]"/>
        <net name="top_bd_i/volume_controller_0/U0/m_axis_tdata[8]"/>
        <net name="top_bd_i/volume_controller_0/U0/m_axis_tdata[7]"/>
        <net name="top_bd_i/volume_controller_0/U0/m_axis_tdata[6]"/>
        <net name="top_bd_i/volume_controller_0/U0/m_axis_tdata[5]"/>
        <net name="top_bd_i/volume_controller_0/U0/m_axis_tdata[4]"/>
        <net name="top_bd_i/volume_controller_0/U0/m_axis_tdata[3]"/>
        <net name="top_bd_i/volume_controller_0/U0/m_axis_tdata[2]"/>
        <net name="top_bd_i/volume_controller_0/U0/m_axis_tdata[1]"/>
        <net name="top_bd_i/volume_controller_0/U0/m_axis_tdata[0]"/>
      </nets>
    </probe>
    <probe type="ila" busType="net" source="netlist" spec="ILA_V2_RT">
      <probeOptions Id="DebugProbeParams">
        <Option Id="CAPTURE_COMPARE_VALUE" value="eq24&apos;hXX_XXXX"/>
        <Option Id="COMPARE_VALUE.0" value="eq24&apos;hXX_XXXX"/>
        <Option Id="DISPLAY_HINT" value=""/>
        <Option Id="DISPLAY_VISIBILITY" value=""/>
        <Option Id="HW_ILA" value="hw_ila_1"/>
        <Option Id="LINK_TO_WAVEFORM" value="1"/>
        <Option Id="MAP" value="probe1[23:0]"/>
        <Option Id="NAME.CUSTOM" value=""/>
        <Option Id="NAME.SELECT" value="Long"/>
        <Option Id="SOURCE" value="netlist"/>
        <Option Id="TRIGGER_COMPARE_VALUE" value="eq24&apos;hXX_XXXX"/>
      </probeOptions>
      <nets>
        <net name="top_bd_i/volume_controller_0/U0/s_axis_tdata[23]"/>
        <net name="top_bd_i/volume_controller_0/U0/s_axis_tdata[22]"/>
        <net name="top_bd_i/volume_controller_0/U0/s_axis_tdata[21]"/>
        <net name="top_bd_i/volume_controller_0/U0/s_axis_tdata[20]"/>
        <net name="top_bd_i/volume_controller_0/U0/s_axis_tdata[19]"/>
        <net name="top_bd_i/volume_controller_0/U0/s_axis_tdata[18]"/>
        <net name="top_bd_i/volume_controller_0/U0/s_axis_tdata[17]"/>
        <net name="top_bd_i/volume_controller_0/U0/s_axis_tdata[16]"/>
        <net name="top_bd_i/volume_controller_0/U0/s_axis_tdata[15]"/>
        <net name="top_bd_i/volume_controller_0/U0/s_axis_tdata[14]"/>
        <net name="top_bd_i/volume_controller_0/U0/s_axis_tdata[13]"/>
        <net name="top_bd_i/volume_controller_0/U0/s_axis_tdata[12]"/>
        <net name="top_bd_i/volume_controller_0/U0/s_axis_tdata[11]"/>
        <net name="top_bd_i/volume_controller_0/U0/s_axis_tdata[10]"/>
        <net name="top_bd_i/volume_controller_0/U0/s_axis_tdata[9]"/>
        <net name="top_bd_i/volume_controller_0/U0/s_axis_tdata[8]"/>
        <net name="top_bd_i/volume_controller_0/U0/s_axis_tdata[7]"/>
        <net name="top_bd_i/volume_controller_0/U0/s_axis_tdata[6]"/>
        <net name="top_bd_i/volume_controller_0/U0/s_axis_tdata[5]"/>
        <net name="top_bd_i/volume_controller_0/U0/s_axis_tdata[4]"/>
        <net name="top_bd_i/volume_controller_0/U0/s_axis_tdata[3]"/>
        <net name="top_bd_i/volume_controller_0/U0/s_axis_tdata[2]"/>
        <net name="top_bd_i/volume_controller_0/U0/s_axis_tdata[1]"/>
        <net name="top_bd_i/volume_controller_0/U0/s_axis_tdata[0]"/>
      </nets>
    </probe>
    <probe type="ila" busType="net" source="netlist" spec="ILA_V2_RT">
      <probeOptions Id="DebugProbeParams">
        <Option Id="CAPTURE_COMPARE_VALUE" value="eq5&apos;hXX"/>
        <Option Id="COMPARE_VALUE.0" value="eq5&apos;hXX"/>
        <Option Id="DISPLAY_HINT" value=""/>
        <Option Id="DISPLAY_VISIBILITY" value=""/>
        <Option Id="HW_ILA" value="hw_ila_1"/>
        <Option Id="LINK_TO_WAVEFORM" value="1"/>
        <Option Id="MAP" value="probe0[4:0]"/>
        <Option Id="NAME.CUSTOM" value=""/>
        <Option Id="NAME.SELECT" value="Long"/>
        <Option Id="SOURCE" value="netlist"/>
        <Option Id="TRIGGER_COMPARE_VALUE" value="eq5&apos;hXX"/>
      </probeOptions>
      <nets>
        <net name="top_bd_i/volume_controller_0/U0/volume[4]"/>
        <net name="top_bd_i/volume_controller_0/U0/volume[3]"/>
        <net name="top_bd_i/volume_controller_0/U0/volume[2]"/>
        <net name="top_bd_i/volume_controller_0/U0/volume[1]"/>
        <net name="top_bd_i/volume_controller_0/U0/volume[0]"/>
      </nets>
    </probe>
  </probeset>
</hwsession>
