<?xml version="1.0" encoding="UTF-8"?>
<GenRun Id="impl_1" LaunchPart="xc7a35tcpg236-1" LaunchTime="1612957292">
  <File Type="CFI_FILE" Name="top_bd_wrapper.cfi"/>
  <File Type="RCFI_FILE" Name="top_bd_wrapper.rcfi"/>
  <File Type="PDI-FILE" Name="top_bd_wrapper.pdi"/>
  <File Type="ROUTE-METHODOLOGY-DRC-RPX" Name="top_bd_wrapper_methodology_drc_routed.rpx"/>
  <File Type="ROUTE-DRC-RPX" Name="top_bd_wrapper_drc_routed.rpx"/>
  <File Type="ROUTE-METHODOLOGY-DRC-PB" Name="top_bd_wrapper_methodology_drc_routed.pb"/>
  <File Type="ROUTE-METHODOLOGY-DRC" Name="top_bd_wrapper_methodology_drc_routed.rpt"/>
  <File Type="POSTROUTE-PHYSOPT-BLACKBOX-DCP" Name="top_bd_wrapper_postroute_physopt_bb.dcp"/>
  <File Type="POSTROUTE-PHYSOPT-DCP" Name="top_bd_wrapper_postroute_physopt.dcp"/>
  <File Type="PHYSOPT-DCP" Name="top_bd_wrapper_physopt.dcp"/>
  <File Type="POSTPLACE-PWROPT-DCP" Name="top_bd_wrapper_postplace_pwropt.dcp"/>
  <File Type="PWROPT-DCP" Name="top_bd_wrapper_pwropt.dcp"/>
  <File Type="PLACE-DCP" Name="top_bd_wrapper_placed.dcp"/>
  <File Type="OPT-DCP" Name="top_bd_wrapper_opt.dcp"/>
  <File Type="ROUTE-CLK" Name="top_bd_wrapper_clock_utilization_routed.rpt"/>
  <File Type="ROUTE-TIMING-RPX" Name="top_bd_wrapper_timing_summary_routed.rpx"/>
  <File Type="BITSTR-LTX" Name="debug_nets.ltx"/>
  <File Type="BITSTR-LTX" Name="top_bd_wrapper.ltx"/>
  <File Type="BITSTR-SYSDEF" Name="top_bd_wrapper.sysdef"/>
  <File Type="BITSTR-MMI" Name="top_bd_wrapper.mmi"/>
  <File Type="BITSTR-BMM" Name="top_bd_wrapper_bd.bmm"/>
  <File Type="BITSTR-NKY" Name="top_bd_wrapper.nky"/>
  <File Type="BITSTR-RBT" Name="top_bd_wrapper.rbt"/>
  <File Type="REPORTS-TCL" Name="top_bd_wrapper_reports.tcl"/>
  <File Type="BITSTR-MSK" Name="top_bd_wrapper.msk"/>
  <File Type="PA-TCL" Name="top_bd_wrapper.tcl"/>
  <File Type="ROUTE-TIMING-PB" Name="top_bd_wrapper_timing_summary_routed.pb"/>
  <File Type="OPT-DRC" Name="top_bd_wrapper_drc_opted.rpt"/>
  <File Type="RBD_FILE" Name="top_bd_wrapper.rbd"/>
  <File Type="BG-BIN" Name="top_bd_wrapper.bin"/>
  <File Type="ROUTE-TIMINGSUMMARY" Name="top_bd_wrapper_timing_summary_routed.rpt"/>
  <File Type="NPI_FILE" Name="top_bd_wrapper.npi"/>
  <File Type="BG-BGN" Name="top_bd_wrapper.bgn"/>
  <File Type="ROUTE-BLACKBOX-DCP" Name="top_bd_wrapper_routed_bb.dcp"/>
  <File Type="WBT-USG" Name="usage_statistics_webtalk.html"/>
  <File Type="RDI-RDI" Name="top_bd_wrapper.vdi"/>
  <File Type="RNPI_FILE" Name="top_bd_wrapper.rnpi"/>
  <File Type="BG-DRC" Name="top_bd_wrapper.drc"/>
  <File Type="ROUTE-ERROR-DCP" Name="top_bd_wrapper_routed_error.dcp"/>
  <File Type="BG-BIT" Name="top_bd_wrapper.bit"/>
  <File Type="ROUTE-STATUS-PB" Name="top_bd_wrapper_route_status.pb"/>
  <File Type="OPT-HWDEF" Name="top_bd_wrapper.hwdef"/>
  <File Type="PLACE-IO" Name="top_bd_wrapper_io_placed.rpt"/>
  <File Type="PLACE-UTIL" Name="top_bd_wrapper_utilization_placed.rpt"/>
  <File Type="PLACE-UTIL-PB" Name="top_bd_wrapper_utilization_placed.pb"/>
  <File Type="PLACE-CTRL" Name="top_bd_wrapper_control_sets_placed.rpt"/>
  <File Type="PLACE-PRE-SIMILARITY" Name="top_bd_wrapper_incremental_reuse_pre_placed.rpt"/>
  <File Type="ROUTE-DRC" Name="top_bd_wrapper_drc_routed.rpt"/>
  <File Type="ROUTE-DRC-PB" Name="top_bd_wrapper_drc_routed.pb"/>
  <File Type="ROUTE-PWR" Name="top_bd_wrapper_power_routed.rpt"/>
  <File Type="ROUTE-PWR-SUM" Name="top_bd_wrapper_power_summary_routed.pb"/>
  <File Type="ROUTE-PWR-RPX" Name="top_bd_wrapper_power_routed.rpx"/>
  <File Type="ROUTE-STATUS" Name="top_bd_wrapper_route_status.rpt"/>
  <File Type="ROUTE-DCP" Name="top_bd_wrapper_routed.dcp"/>
  <FileSet Name="sources" Type="DesignSrcs" RelSrcDir="$PSRCDIR/sources_1" RelGenDir="$PSRCDIR/sources_1">
    <Filter Type="Srcs"/>
    <File Path="$PSRCDIR/sources_1/imports/new/led_controller.vhd">
      <FileInfo>
        <Attr Name="ImportPath" Val="$PPRDIR/../../../../Downloads/LAB4_solution/i2c2_test/i2c2_test.srcs/sources_1/new/led_controller.vhd"/>
        <Attr Name="ImportTime" Val="1557856557"/>
        <Attr Name="UsedIn" Val="synthesis"/>
        <Attr Name="UsedIn" Val="simulation"/>
      </FileInfo>
    </File>
    <File Path="$PSRCDIR/sources_1/imports/new/edge_detector.vhd">
      <FileInfo>
        <Attr Name="ImportPath" Val="$PPRDIR/../../../../Downloads/LAB4_solution/i2c2_test/i2c2_test.srcs/sources_1/new/edge_detector.vhd"/>
        <Attr Name="ImportTime" Val="1557856714"/>
        <Attr Name="UsedIn" Val="synthesis"/>
        <Attr Name="UsedIn" Val="simulation"/>
      </FileInfo>
    </File>
    <File Path="$PSRCDIR/sources_1/imports/new/mute.vhd">
      <FileInfo>
        <Attr Name="ImportPath" Val="$PPRDIR/../../../../Downloads/LAB4_solution/i2c2_test/i2c2_test.srcs/sources_1/new/mute.vhd"/>
        <Attr Name="ImportTime" Val="1557856546"/>
        <Attr Name="UsedIn" Val="synthesis"/>
        <Attr Name="UsedIn" Val="simulation"/>
      </FileInfo>
    </File>
    <File Path="$PSRCDIR/sources_1/imports/new/volume_controller.vhd">
      <FileInfo>
        <Attr Name="ImportPath" Val="$PPRDIR/../../../../Downloads/LAB4_solution/i2c2_test/i2c2_test.srcs/sources_1/new/volume_controller.vhd"/>
        <Attr Name="ImportTime" Val="1557903416"/>
        <Attr Name="UsedIn" Val="synthesis"/>
        <Attr Name="UsedIn" Val="simulation"/>
      </FileInfo>
    </File>
    <File Path="$PSRCDIR/sources_1/imports/new/balance_controller.vhd">
      <FileInfo>
        <Attr Name="ImportPath" Val="$PPRDIR/../../../../Downloads/LAB4_solution/lab4_assignment/lab4_assignment.srcs/sources_1/imports/new/balance_controller.vhd"/>
        <Attr Name="ImportTime" Val="1558605531"/>
        <Attr Name="UsedIn" Val="synthesis"/>
        <Attr Name="UsedIn" Val="simulation"/>
      </FileInfo>
    </File>
    <File Path="$PSRCDIR/sources_1/imports/new/moving_average_filter.vhd">
      <FileInfo>
        <Attr Name="ImportPath" Val="$PPRDIR/../../../../Downloads/LAB4_solution/i2c2_test/i2c2_test.srcs/sources_1/new/moving_average_filter.vhd"/>
        <Attr Name="ImportTime" Val="1557903143"/>
        <Attr Name="UsedIn" Val="synthesis"/>
        <Attr Name="UsedIn" Val="simulation"/>
      </FileInfo>
    </File>
    <File Path="$PSRCDIR/sources_1/imports/new/dual_moving_average_filter.vhd">
      <FileInfo>
        <Attr Name="ImportPath" Val="$PPRDIR/../../../../Downloads/LAB4_solution/lab4_assignment/lab4_assignment.srcs/sources_1/imports/new/dual_moving_average_filter.vhd"/>
        <Attr Name="ImportTime" Val="1560176233"/>
        <Attr Name="UsedIn" Val="synthesis"/>
        <Attr Name="UsedIn" Val="simulation"/>
      </FileInfo>
    </File>
    <File Path="$PSRCDIR/sources_1/bd/top_bd/top_bd.bd">
      <FileInfo>
        <Attr Name="ImportPath" Val="$PPRDIR/../../../../Downloads/LAB4_solution/lab4_assignment/lab4_assignment.srcs/sources_1/bd/top_bd/top_bd.bd"/>
        <Attr Name="ImportTime" Val="1612957261"/>
        <Attr Name="UsedIn" Val="synthesis"/>
        <Attr Name="UsedIn" Val="implementation"/>
        <Attr Name="UsedIn" Val="simulation"/>
      </FileInfo>
    </File>
    <File Path="$PSRCDIR/sources_1/bd/top_bd/hdl/top_bd_wrapper.vhd">
      <FileInfo>
        <Attr Name="ImportPath" Val="$PPRDIR/../../../../Downloads/LAB4_solution/lab4_assignment/lab4_assignment.srcs/sources_1/bd/top_bd/hdl/top_bd_wrapper.vhd"/>
        <Attr Name="ImportTime" Val="1612957261"/>
        <Attr Name="UsedIn" Val="synthesis"/>
        <Attr Name="UsedIn" Val="simulation"/>
      </FileInfo>
    </File>
    <Config>
      <Option Name="DesignMode" Val="RTL"/>
      <Option Name="TopModule" Val="top_bd_wrapper"/>
      <Option Name="TopAutoSet" Val="TRUE"/>
    </Config>
  </FileSet>
  <FileSet Name="constrs_in" Type="Constrs" RelSrcDir="$PSRCDIR/constrs_1">
    <Filter Type="Constrs"/>
    <File Path="$PSRCDIR/constrs_1/new/pins.xdc">
      <FileInfo>
        <Attr Name="ImportPath" Val="$PPRDIR/../../../../Downloads/LAB4_solution/lab4_assignment/lab4_assignment.srcs/constrs_1/new/pins.xdc"/>
        <Attr Name="ImportTime" Val="1557917116"/>
        <Attr Name="UsedIn" Val="synthesis"/>
        <Attr Name="UsedIn" Val="implementation"/>
      </FileInfo>
    </File>
    <Config>
      <Option Name="TargetConstrsFile" Val="$PSRCDIR/constrs_1/new/pins.xdc"/>
      <Option Name="ConstrsType" Val="XDC"/>
    </Config>
  </FileSet>
  <FileSet Name="utils" Type="Utils" RelSrcDir="$PSRCDIR/utils_1">
    <Filter Type="Utils"/>
    <Config>
      <Option Name="TopAutoSet" Val="TRUE"/>
    </Config>
  </FileSet>
  <Strategy Version="1" Minor="2">
    <StratHandle Name="Vivado Implementation Defaults" Flow="Vivado Implementation 2017"/>
    <Step Id="init_design"/>
    <Step Id="opt_design"/>
    <Step Id="power_opt_design"/>
    <Step Id="place_design"/>
    <Step Id="post_place_power_opt_design"/>
    <Step Id="phys_opt_design"/>
    <Step Id="route_design"/>
    <Step Id="post_route_phys_opt_design"/>
    <Step Id="write_bitstream"/>
    <Step Id="write_device_image"/>
  </Strategy>
  <BlockFileSet Type="BlockSrcs" Name="top_bd_led_controller_0_0"/>
  <BlockFileSet Type="BlockSrcs" Name="top_bd_clk_wiz_0_0"/>
  <BlockFileSet Type="BlockSrcs" Name="top_bd_edge_detector_0_0"/>
  <BlockFileSet Type="BlockSrcs" Name="top_bd_volume_controller_0_1"/>
  <BlockFileSet Type="BlockSrcs" Name="top_bd_edge_detector_1_0"/>
  <BlockFileSet Type="BlockSrcs" Name="top_bd_Pmod_JSTK2_0_0"/>
  <BlockFileSet Type="BlockSrcs" Name="top_bd_mute_0_0"/>
  <BlockFileSet Type="BlockSrcs" Name="top_bd_pmod_i2s2_0_0"/>
  <BlockFileSet Type="BlockSrcs" Name="top_bd_util_vector_logic_0_0"/>
  <BlockFileSet Type="BlockSrcs" Name="top_bd_dual_moving_average_filter_0_0"/>
  <BlockFileSet Type="BlockSrcs" Name="top_bd_balance_controller_0_0"/>
</GenRun>
