<?xml version="1.0" encoding="UTF-8" ?>
<webTalkData  fileName='usage_statistics_webtalk.xml'  majorVersion='1' minorVersion='0' timeStamp='Wed Feb 10 12:43:37 2021'>
<section name="__ROOT__" level="0" order="1" description="">
 <section name="software_version_and_target_device" level="1" order="1" description="">
  <keyValuePair key="beta" value="FALSE" description="" />
  <keyValuePair key="build_version" value="3064766" description="" />
  <keyValuePair key="date_generated" value="Wed Feb 10 12:43:37 2021" description="" />
  <keyValuePair key="os_platform" value="LIN64" description="" />
  <keyValuePair key="product_version" value="Vivado v2020.2 (64-bit)" description="" />
  <keyValuePair key="project_id" value="51f2661f55df4d778d6f438b2fab90ba" description="" />
  <keyValuePair key="project_iteration" value="18" description="" />
  <keyValuePair key="random_id" value="9a81137b106f565da6095ed81b4ae5aa" description="" />
  <keyValuePair key="registration_id" value="174133714_174133715_210667176_669" description="" />
  <keyValuePair key="route_design" value="TRUE" description="" />
  <keyValuePair key="target_device" value="xc7a35t" description="" />
  <keyValuePair key="target_family" value="artix7" description="" />
  <keyValuePair key="target_package" value="cpg236" description="" />
  <keyValuePair key="target_speed" value="-1" description="" />
  <keyValuePair key="tool_flow" value="Vivado" description="" />
 </section>
 <section name="user_environment" level="1" order="2" description="">
  <keyValuePair key="cpu_name" value="AMD Ryzen 5 3600X 6-Core Processor" description="" />
  <keyValuePair key="cpu_speed" value="2430.815 MHz" description="" />
  <keyValuePair key="os_name" value="Ubuntu" description="" />
  <keyValuePair key="os_release" value="Ubuntu 20.04.1 LTS" description="" />
  <keyValuePair key="system_ram" value="16.000 GB" description="" />
  <keyValuePair key="total_processors" value="2" description="" />
 </section>
 <section name="ip_statistics" level="1" order="3" description="">
  <section name="IP_Integrator/1" level="2" order="1" description="">
   <keyValuePair key="bdsource" value="USER" description="" />
   <keyValuePair key="core_container" value="NA" description="" />
   <keyValuePair key="iptotal" value="1" description="" />
   <keyValuePair key="maxhierdepth" value="0" description="" />
   <keyValuePair key="numblks" value="4" description="" />
   <keyValuePair key="numhdlrefblks" value="0" description="" />
   <keyValuePair key="numhierblks" value="0" description="" />
   <keyValuePair key="numhlsblks" value="0" description="" />
   <keyValuePair key="numnonxlnxblks" value="1" description="" />
   <keyValuePair key="numpkgbdblks" value="0" description="" />
   <keyValuePair key="numreposblks" value="4" description="" />
   <keyValuePair key="numsysgenblks" value="0" description="" />
   <keyValuePair key="synth_mode" value="OOC_per_IP" description="" />
   <keyValuePair key="x_iplanguage" value="VHDL" description="" />
   <keyValuePair key="x_iplibrary" value="BlockDiagram" description="" />
   <keyValuePair key="x_ipname" value="design_1" description="" />
   <keyValuePair key="x_ipvendor" value="xilinx.com" description="" />
   <keyValuePair key="x_ipversion" value="1.00.a" description="" />
  </section>
  <section name="IP_Integrator/2" level="2" order="2" description="">
   <keyValuePair key="bdsource" value="USER" description="" />
   <keyValuePair key="core_container" value="NA" description="" />
   <keyValuePair key="iptotal" value="1" description="" />
   <keyValuePair key="maxhierdepth" value="0" description="" />
   <keyValuePair key="numblks" value="11" description="" />
   <keyValuePair key="numhdlrefblks" value="7" description="" />
   <keyValuePair key="numhierblks" value="0" description="" />
   <keyValuePair key="numhlsblks" value="0" description="" />
   <keyValuePair key="numnonxlnxblks" value="2" description="" />
   <keyValuePair key="numpkgbdblks" value="1" description="" />
   <keyValuePair key="numreposblks" value="11" description="" />
   <keyValuePair key="numsysgenblks" value="0" description="" />
   <keyValuePair key="synth_mode" value="OOC_per_IP" description="" />
   <keyValuePair key="x_iplanguage" value="VHDL" description="" />
   <keyValuePair key="x_iplibrary" value="BlockDiagram" description="" />
   <keyValuePair key="x_ipname" value="top_bd" description="" />
   <keyValuePair key="x_ipvendor" value="xilinx.com" description="" />
   <keyValuePair key="x_ipversion" value="1.00.a" description="" />
  </section>
  <section name="axi_quad_spi/1" level="2" order="3" description="">
   <keyValuePair key="async_clk" value="1" description="" />
   <keyValuePair key="c_dual_quad_mode" value="0" description="" />
   <keyValuePair key="c_family" value="artix7" description="" />
   <keyValuePair key="c_fifo_depth" value="0" description="" />
   <keyValuePair key="c_instance" value="axi_quad_spi_inst" description="" />
   <keyValuePair key="c_lsb_stup" value="0" description="" />
   <keyValuePair key="c_new_seq_en" value="1" description="" />
   <keyValuePair key="c_num_ss_bits" value="1" description="" />
   <keyValuePair key="c_num_transfer_bits" value="8" description="" />
   <keyValuePair key="c_s_axi4_addr_width" value="24" description="" />
   <keyValuePair key="c_s_axi4_baseaddr" value="0xFFFFFFFF" description="" />
   <keyValuePair key="c_s_axi4_data_width" value="32" description="" />
   <keyValuePair key="c_s_axi4_highaddr" value="0x00000000" description="" />
   <keyValuePair key="c_s_axi4_id_width" value="1" description="" />
   <keyValuePair key="c_s_axi_addr_width" value="7" description="" />
   <keyValuePair key="c_s_axi_data_width" value="32" description="" />
   <keyValuePair key="c_sck_ratio" value="16" description="" />
   <keyValuePair key="c_select_xpm" value="1" description="" />
   <keyValuePair key="c_shared_startup" value="0" description="" />
   <keyValuePair key="c_spi_mem_addr_bits" value="24" description="" />
   <keyValuePair key="c_spi_memory" value="1" description="" />
   <keyValuePair key="c_spi_mode" value="0" description="" />
   <keyValuePair key="c_sub_family" value="artix7" description="" />
   <keyValuePair key="c_type_of_axi4_interface" value="0" description="" />
   <keyValuePair key="c_uc_family" value="0" description="" />
   <keyValuePair key="c_use_startup" value="0" description="" />
   <keyValuePair key="c_use_startup_ext" value="0" description="" />
   <keyValuePair key="c_xip_mode" value="0" description="" />
   <keyValuePair key="c_xip_perf_mode" value="1" description="" />
   <keyValuePair key="core_container" value="NA" description="" />
   <keyValuePair key="iptotal" value="1" description="" />
   <keyValuePair key="x_ipcorerevision" value="21" description="" />
   <keyValuePair key="x_iplanguage" value="VHDL" description="" />
   <keyValuePair key="x_iplibrary" value="ip" description="" />
   <keyValuePair key="x_ipname" value="axi_quad_spi" description="" />
   <keyValuePair key="x_ipproduct" value="Vivado 2020.2" description="" />
   <keyValuePair key="x_ipsimlanguage" value="VHDL" description="" />
   <keyValuePair key="x_ipvendor" value="xilinx.com" description="" />
   <keyValuePair key="x_ipversion" value="3.2" description="" />
  </section>
  <section name="axis_data_fifo_v2_0_4_top/1" level="2" order="4" description="">
   <keyValuePair key="c_aclken_conv_mode" value="0" description="" />
   <keyValuePair key="c_axis_signal_set" value="0b00000000000000000000000000010011" description="" />
   <keyValuePair key="c_axis_tdata_width" value="24" description="" />
   <keyValuePair key="c_axis_tdest_width" value="1" description="" />
   <keyValuePair key="c_axis_tid_width" value="1" description="" />
   <keyValuePair key="c_axis_tuser_width" value="1" description="" />
   <keyValuePair key="c_ecc_mode" value="0" description="" />
   <keyValuePair key="c_family" value="artix7" description="" />
   <keyValuePair key="c_fifo_depth" value="16" description="" />
   <keyValuePair key="c_fifo_memory_type" value="auto" description="" />
   <keyValuePair key="c_fifo_mode" value="1" description="" />
   <keyValuePair key="c_is_aclk_async" value="1" description="" />
   <keyValuePair key="c_prog_empty_thresh" value="5" description="" />
   <keyValuePair key="c_prog_full_thresh" value="11" description="" />
   <keyValuePair key="c_synchronizer_stage" value="2" description="" />
   <keyValuePair key="c_use_adv_features" value="825503796" description="" />
   <keyValuePair key="core_container" value="NA" description="" />
   <keyValuePair key="iptotal" value="2" description="" />
   <keyValuePair key="x_ipcorerevision" value="4" description="" />
   <keyValuePair key="x_iplanguage" value="VHDL" description="" />
   <keyValuePair key="x_iplibrary" value="ip" description="" />
   <keyValuePair key="x_ipname" value="axis_data_fifo" description="" />
   <keyValuePair key="x_ipproduct" value="Vivado 2020.2" description="" />
   <keyValuePair key="x_ipsimlanguage" value="VHDL" description="" />
   <keyValuePair key="x_ipvendor" value="xilinx.com" description="" />
   <keyValuePair key="x_ipversion" value="2.0" description="" />
  </section>
  <section name="balance_controller/1" level="2" order="5" description="">
   <keyValuePair key="bal_step_size" value="6" description="" />
   <keyValuePair key="core_container" value="NA" description="" />
   <keyValuePair key="iptotal" value="1" description="" />
   <keyValuePair key="x_ipcorerevision" value="1" description="" />
   <keyValuePair key="x_iplanguage" value="VHDL" description="" />
   <keyValuePair key="x_iplibrary" value="module_ref" description="" />
   <keyValuePair key="x_ipname" value="balance_controller" description="" />
   <keyValuePair key="x_ipproduct" value="Vivado 2017.3.1" description="" />
   <keyValuePair key="x_ipsimlanguage" value="VHDL" description="" />
   <keyValuePair key="x_ipvendor" value="xilinx.com" description="" />
   <keyValuePair key="x_ipversion" value="1.0" description="" />
  </section>
  <section name="clk_wiz_v6_0_6_0_0/1" level="2" order="6" description="">
   <keyValuePair key="clkin1_period" value="10.000" description="" />
   <keyValuePair key="clkin2_period" value="10.000" description="" />
   <keyValuePair key="clock_mgr_type" value="NA" description="" />
   <keyValuePair key="component_name" value="design_1_clk_wiz_0_0" description="" />
   <keyValuePair key="core_container" value="NA" description="" />
   <keyValuePair key="enable_axi" value="0" description="" />
   <keyValuePair key="feedback_source" value="FDBK_AUTO" description="" />
   <keyValuePair key="feedback_type" value="SINGLE" description="" />
   <keyValuePair key="iptotal" value="1" description="" />
   <keyValuePair key="manual_override" value="false" description="" />
   <keyValuePair key="num_out_clk" value="1" description="" />
   <keyValuePair key="primitive" value="MMCM" description="" />
   <keyValuePair key="use_dyn_phase_shift" value="false" description="" />
   <keyValuePair key="use_dyn_reconfig" value="false" description="" />
   <keyValuePair key="use_inclk_stopped" value="false" description="" />
   <keyValuePair key="use_inclk_switchover" value="false" description="" />
   <keyValuePair key="use_locked" value="true" description="" />
   <keyValuePair key="use_max_i_jitter" value="false" description="" />
   <keyValuePair key="use_min_o_jitter" value="false" description="" />
   <keyValuePair key="use_phase_alignment" value="true" description="" />
   <keyValuePair key="use_power_down" value="false" description="" />
   <keyValuePair key="use_reset" value="true" description="" />
  </section>
  <section name="clk_wiz_v6_0_6_0_0/2" level="2" order="7" description="">
   <keyValuePair key="clkin1_period" value="10.000" description="" />
   <keyValuePair key="clkin2_period" value="10.000" description="" />
   <keyValuePair key="clock_mgr_type" value="NA" description="" />
   <keyValuePair key="component_name" value="top_bd_clk_wiz_0_0" description="" />
   <keyValuePair key="core_container" value="NA" description="" />
   <keyValuePair key="enable_axi" value="0" description="" />
   <keyValuePair key="feedback_source" value="FDBK_AUTO" description="" />
   <keyValuePair key="feedback_type" value="SINGLE" description="" />
   <keyValuePair key="iptotal" value="1" description="" />
   <keyValuePair key="manual_override" value="false" description="" />
   <keyValuePair key="num_out_clk" value="2" description="" />
   <keyValuePair key="primitive" value="MMCM" description="" />
   <keyValuePair key="use_dyn_phase_shift" value="false" description="" />
   <keyValuePair key="use_dyn_reconfig" value="false" description="" />
   <keyValuePair key="use_inclk_stopped" value="false" description="" />
   <keyValuePair key="use_inclk_switchover" value="false" description="" />
   <keyValuePair key="use_locked" value="false" description="" />
   <keyValuePair key="use_max_i_jitter" value="false" description="" />
   <keyValuePair key="use_min_o_jitter" value="false" description="" />
   <keyValuePair key="use_phase_alignment" value="true" description="" />
   <keyValuePair key="use_power_down" value="false" description="" />
   <keyValuePair key="use_reset" value="true" description="" />
  </section>
  <section name="dual_moving_average_filter/1" level="2" order="8" description="">
   <keyValuePair key="core_container" value="NA" description="" />
   <keyValuePair key="filter_order_power" value="5" description="" />
   <keyValuePair key="iptotal" value="1" description="" />
   <keyValuePair key="x_ipcorerevision" value="1" description="" />
   <keyValuePair key="x_iplanguage" value="VHDL" description="" />
   <keyValuePair key="x_iplibrary" value="module_ref" description="" />
   <keyValuePair key="x_ipname" value="dual_moving_average_filter" description="" />
   <keyValuePair key="x_ipproduct" value="Vivado 2017.3.1" description="" />
   <keyValuePair key="x_ipsimlanguage" value="VHDL" description="" />
   <keyValuePair key="x_ipvendor" value="xilinx.com" description="" />
   <keyValuePair key="x_ipversion" value="1.0" description="" />
  </section>
  <section name="edge_detector/1" level="2" order="9" description="">
   <keyValuePair key="core_container" value="NA" description="" />
   <keyValuePair key="edge_rising" value="true" description="" />
   <keyValuePair key="iptotal" value="1" description="" />
   <keyValuePair key="x_ipcorerevision" value="1" description="" />
   <keyValuePair key="x_iplanguage" value="VHDL" description="" />
   <keyValuePair key="x_iplibrary" value="module_ref" description="" />
   <keyValuePair key="x_ipname" value="edge_detector" description="" />
   <keyValuePair key="x_ipproduct" value="Vivado 2017.3.1" description="" />
   <keyValuePair key="x_ipsimlanguage" value="VHDL" description="" />
   <keyValuePair key="x_ipvendor" value="xilinx.com" description="" />
   <keyValuePair key="x_ipversion" value="1.0" description="" />
  </section>
  <section name="edge_detector/2" level="2" order="10" description="">
   <keyValuePair key="core_container" value="NA" description="" />
   <keyValuePair key="edge_rising" value="true" description="" />
   <keyValuePair key="iptotal" value="1" description="" />
   <keyValuePair key="x_ipcorerevision" value="1" description="" />
   <keyValuePair key="x_iplanguage" value="VHDL" description="" />
   <keyValuePair key="x_iplibrary" value="module_ref" description="" />
   <keyValuePair key="x_ipname" value="edge_detector" description="" />
   <keyValuePair key="x_ipproduct" value="Vivado 2017.3.1" description="" />
   <keyValuePair key="x_ipsimlanguage" value="VHDL" description="" />
   <keyValuePair key="x_ipvendor" value="xilinx.com" description="" />
   <keyValuePair key="x_ipversion" value="1.0" description="" />
  </section>
  <section name="led_controller/1" level="2" order="11" description="">
   <keyValuePair key="core_container" value="NA" description="" />
   <keyValuePair key="iptotal" value="1" description="" />
   <keyValuePair key="x_ipcorerevision" value="1" description="" />
   <keyValuePair key="x_iplanguage" value="VHDL" description="" />
   <keyValuePair key="x_iplibrary" value="module_ref" description="" />
   <keyValuePair key="x_ipname" value="led_controller" description="" />
   <keyValuePair key="x_ipproduct" value="Vivado 2017.3.1" description="" />
   <keyValuePair key="x_ipsimlanguage" value="VHDL" description="" />
   <keyValuePair key="x_ipvendor" value="xilinx.com" description="" />
   <keyValuePair key="x_ipversion" value="1.0" description="" />
  </section>
  <section name="mute/1" level="2" order="12" description="">
   <keyValuePair key="core_container" value="NA" description="" />
   <keyValuePair key="iptotal" value="1" description="" />
   <keyValuePair key="x_ipcorerevision" value="1" description="" />
   <keyValuePair key="x_iplanguage" value="VHDL" description="" />
   <keyValuePair key="x_iplibrary" value="module_ref" description="" />
   <keyValuePair key="x_ipname" value="mute" description="" />
   <keyValuePair key="x_ipproduct" value="Vivado 2017.3.1" description="" />
   <keyValuePair key="x_ipsimlanguage" value="VHDL" description="" />
   <keyValuePair key="x_ipvendor" value="xilinx.com" description="" />
   <keyValuePair key="x_ipversion" value="1.0" description="" />
  </section>
  <section name="proc_sys_reset/1" level="2" order="13" description="">
   <keyValuePair key="c_aux_reset_high" value="0" description="" />
   <keyValuePair key="c_aux_rst_width" value="4" description="" />
   <keyValuePair key="c_ext_reset_high" value="1" description="" />
   <keyValuePair key="c_ext_rst_width" value="4" description="" />
   <keyValuePair key="c_family" value="artix7" description="" />
   <keyValuePair key="c_num_bus_rst" value="1" description="" />
   <keyValuePair key="c_num_interconnect_aresetn" value="1" description="" />
   <keyValuePair key="c_num_perp_aresetn" value="1" description="" />
   <keyValuePair key="c_num_perp_rst" value="1" description="" />
   <keyValuePair key="core_container" value="NA" description="" />
   <keyValuePair key="iptotal" value="1" description="" />
   <keyValuePair key="x_ipcorerevision" value="13" description="" />
   <keyValuePair key="x_iplanguage" value="VHDL" description="" />
   <keyValuePair key="x_iplibrary" value="ip" description="" />
   <keyValuePair key="x_ipname" value="proc_sys_reset" description="" />
   <keyValuePair key="x_ipproduct" value="Vivado 2020.2" description="" />
   <keyValuePair key="x_ipsimlanguage" value="VHDL" description="" />
   <keyValuePair key="x_ipvendor" value="xilinx.com" description="" />
   <keyValuePair key="x_ipversion" value="5.0" description="" />
  </section>
  <section name="util_vector_logic_v2_0_1_util_vector_logic/1" level="2" order="14" description="">
   <keyValuePair key="c_operation" value="not" description="" />
   <keyValuePair key="c_size" value="1" description="" />
   <keyValuePair key="core_container" value="NA" description="" />
   <keyValuePair key="iptotal" value="1" description="" />
   <keyValuePair key="x_ipcorerevision" value="1" description="" />
   <keyValuePair key="x_iplanguage" value="VHDL" description="" />
   <keyValuePair key="x_iplibrary" value="ip" description="" />
   <keyValuePair key="x_ipname" value="util_vector_logic" description="" />
   <keyValuePair key="x_ipproduct" value="Vivado 2020.2" description="" />
   <keyValuePair key="x_ipsimlanguage" value="VHDL" description="" />
   <keyValuePair key="x_ipvendor" value="xilinx.com" description="" />
   <keyValuePair key="x_ipversion" value="2.0" description="" />
  </section>
  <section name="volume_controller/1" level="2" order="15" description="">
   <keyValuePair key="core_container" value="NA" description="" />
   <keyValuePair key="iptotal" value="1" description="" />
   <keyValuePair key="vol_step_size" value="6" description="" />
   <keyValuePair key="x_ipcorerevision" value="1" description="" />
   <keyValuePair key="x_iplanguage" value="VHDL" description="" />
   <keyValuePair key="x_iplibrary" value="module_ref" description="" />
   <keyValuePair key="x_ipname" value="volume_controller" description="" />
   <keyValuePair key="x_ipproduct" value="Vivado 2017.3.1" description="" />
   <keyValuePair key="x_ipsimlanguage" value="VHDL" description="" />
   <keyValuePair key="x_ipvendor" value="xilinx.com" description="" />
   <keyValuePair key="x_ipversion" value="1.0" description="" />
  </section>
  <section name="xpm_cdc_gray/1" level="2" order="16" description="">
   <keyValuePair key="core_container" value="NA" description="" />
   <keyValuePair key="dest_sync_ff" value="2" description="" />
   <keyValuePair key="init_sync_ff" value="1" description="" />
   <keyValuePair key="iptotal" value="4" description="" />
   <keyValuePair key="reg_output" value="0" description="" />
   <keyValuePair key="sim_assert_chk" value="0" description="" />
   <keyValuePair key="sim_lossless_gray_chk" value="0" description="" />
   <keyValuePair key="version" value="0" description="" />
   <keyValuePair key="width" value="4" description="" />
  </section>
  <section name="xpm_cdc_sync_rst/1" level="2" order="17" description="">
   <keyValuePair key="core_container" value="NA" description="" />
   <keyValuePair key="def_val" value="1&apos;b0" description="" />
   <keyValuePair key="dest_sync_ff" value="2" description="" />
   <keyValuePair key="init" value="0" description="" />
   <keyValuePair key="init_sync_ff" value="1" description="" />
   <keyValuePair key="iptotal" value="6" description="" />
   <keyValuePair key="sim_assert_chk" value="0" description="" />
   <keyValuePair key="version" value="0" description="" />
  </section>
  <section name="xpm_fifo_axis/1" level="2" order="18" description="">
   <keyValuePair key="axis_data_width" value="34" description="" />
   <keyValuePair key="axis_final_data_width" value="34" description="" />
   <keyValuePair key="cascade_height" value="0" description="" />
   <keyValuePair key="cdc_sync_stages" value="2" description="" />
   <keyValuePair key="clocking_mode" value="independent_clock" description="" />
   <keyValuePair key="core_container" value="NA" description="" />
   <keyValuePair key="ecc_mode" value="no_ecc" description="" />
   <keyValuePair key="en_adv_feature_axis" value="16&apos;b0001010000000100" description="" />
   <keyValuePair key="en_adv_feature_axis_int" value="16&apos;b0001010000000100" description="" />
   <keyValuePair key="en_almost_empty_int" value="1&apos;b0" description="" />
   <keyValuePair key="en_almost_full_int" value="1&apos;b0" description="" />
   <keyValuePair key="en_data_valid_int" value="1&apos;b1" description="" />
   <keyValuePair key="fifo_depth" value="16" description="" />
   <keyValuePair key="fifo_memory_type" value="auto" description="" />
   <keyValuePair key="iptotal" value="2" description="" />
   <keyValuePair key="log_depth_axis" value="4" description="" />
   <keyValuePair key="p_common_clock" value="0" description="" />
   <keyValuePair key="p_ecc_mode" value="0" description="" />
   <keyValuePair key="p_fifo_memory_type" value="0" description="" />
   <keyValuePair key="p_pkt_mode" value="0" description="" />
   <keyValuePair key="packet_fifo" value="false" description="" />
   <keyValuePair key="pkt_size_lt8" value="1&apos;b0" description="" />
   <keyValuePair key="prog_empty_thresh" value="5" description="" />
   <keyValuePair key="prog_full_thresh" value="11" description="" />
   <keyValuePair key="rd_data_count_width" value="5" description="" />
   <keyValuePair key="related_clocks" value="0" description="" />
   <keyValuePair key="sim_assert_chk" value="0" description="" />
   <keyValuePair key="tdata_offset" value="24" description="" />
   <keyValuePair key="tdata_width" value="24" description="" />
   <keyValuePair key="tdest_offset" value="32" description="" />
   <keyValuePair key="tdest_width" value="1" description="" />
   <keyValuePair key="tid_offset" value="31" description="" />
   <keyValuePair key="tid_width" value="1" description="" />
   <keyValuePair key="tkeep_offset" value="30" description="" />
   <keyValuePair key="tstrb_offset" value="27" description="" />
   <keyValuePair key="tuser_max_width" value="4063" description="" />
   <keyValuePair key="tuser_offset" value="33" description="" />
   <keyValuePair key="tuser_width" value="1" description="" />
   <keyValuePair key="use_adv_features" value="825503796" description="" />
   <keyValuePair key="use_adv_features_int" value="825503796" description="" />
   <keyValuePair key="wr_data_count_width" value="5" description="" />
  </section>
  <section name="xpm_fifo_base/1" level="2" order="19" description="">
   <keyValuePair key="both_stages_valid" value="3" description="" />
   <keyValuePair key="cascade_height" value="0" description="" />
   <keyValuePair key="cdc_dest_sync_ff" value="2" description="" />
   <keyValuePair key="common_clock" value="0" description="" />
   <keyValuePair key="core_container" value="NA" description="" />
   <keyValuePair key="ecc_mode" value="0" description="" />
   <keyValuePair key="en_adv_feature" value="16&apos;b0001010000000100" description="" />
   <keyValuePair key="en_ae" value="1&apos;b0" description="" />
   <keyValuePair key="en_af" value="1&apos;b0" description="" />
   <keyValuePair key="en_dvld" value="1&apos;b1" description="" />
   <keyValuePair key="en_of" value="1&apos;b0" description="" />
   <keyValuePair key="en_pe" value="1&apos;b0" description="" />
   <keyValuePair key="en_pf" value="1&apos;b0" description="" />
   <keyValuePair key="en_rdc" value="1&apos;b1" description="" />
   <keyValuePair key="en_uf" value="1&apos;b0" description="" />
   <keyValuePair key="en_wack" value="1&apos;b0" description="" />
   <keyValuePair key="en_wdc" value="1&apos;b1" description="" />
   <keyValuePair key="enable_ecc" value="0" description="" />
   <keyValuePair key="fg_eq_asym_dout" value="1&apos;b0" description="" />
   <keyValuePair key="fifo_mem_type" value="0" description="" />
   <keyValuePair key="fifo_memory_type" value="0" description="" />
   <keyValuePair key="fifo_read_depth" value="16" description="" />
   <keyValuePair key="fifo_read_latency" value="0" description="" />
   <keyValuePair key="fifo_size" value="544" description="" />
   <keyValuePair key="fifo_write_depth" value="16" description="" />
   <keyValuePair key="full_reset_value" value="1" description="" />
   <keyValuePair key="full_rst_val" value="1&apos;b1" description="" />
   <keyValuePair key="invalid" value="0" description="" />
   <keyValuePair key="iptotal" value="2" description="" />
   <keyValuePair key="pe_thresh_adj" value="3" description="" />
   <keyValuePair key="pe_thresh_max" value="11" description="" />
   <keyValuePair key="pe_thresh_min" value="5" description="" />
   <keyValuePair key="pf_thresh_adj" value="9" description="" />
   <keyValuePair key="pf_thresh_max" value="11" description="" />
   <keyValuePair key="pf_thresh_min" value="7" description="" />
   <keyValuePair key="prog_empty_thresh" value="5" description="" />
   <keyValuePair key="prog_full_thresh" value="11" description="" />
   <keyValuePair key="rd_data_count_width" value="5" description="" />
   <keyValuePair key="rd_dc_width_ext" value="5" description="" />
   <keyValuePair key="rd_latency" value="2" description="" />
   <keyValuePair key="rd_mode" value="1" description="" />
   <keyValuePair key="rd_pntr_width" value="4" description="" />
   <keyValuePair key="read_data_width" value="34" description="" />
   <keyValuePair key="read_mode" value="1" description="" />
   <keyValuePair key="read_mode_ll" value="1" description="" />
   <keyValuePair key="related_clocks" value="0" description="" />
   <keyValuePair key="remove_wr_rd_prot_logic" value="0" description="" />
   <keyValuePair key="sim_assert_chk" value="0" description="" />
   <keyValuePair key="stage1_valid" value="2" description="" />
   <keyValuePair key="stage2_valid" value="1" description="" />
   <keyValuePair key="use_adv_features" value="825503796" description="" />
   <keyValuePair key="version" value="0" description="" />
   <keyValuePair key="wakeup_time" value="0" description="" />
   <keyValuePair key="width_ratio" value="1" description="" />
   <keyValuePair key="wr_data_count_width" value="5" description="" />
   <keyValuePair key="wr_data_count_width" value="5" description="" />
   <keyValuePair key="wr_dc_width_ext" value="5" description="" />
   <keyValuePair key="wr_depth_log" value="4" description="" />
   <keyValuePair key="wr_pntr_width" value="4" description="" />
   <keyValuePair key="wr_rd_ratio" value="0" description="" />
   <keyValuePair key="wr_width_log" value="6" description="" />
   <keyValuePair key="write_data_width" value="34" description="" />
  </section>
  <section name="xpm_memory_base/1" level="2" order="20" description="">
   <keyValuePair key="addr_width_a" value="4" description="" />
   <keyValuePair key="addr_width_b" value="4" description="" />
   <keyValuePair key="auto_sleep_time" value="0" description="" />
   <keyValuePair key="byte_write_width_a" value="34" description="" />
   <keyValuePair key="byte_write_width_b" value="34" description="" />
   <keyValuePair key="cascade_height" value="0" description="" />
   <keyValuePair key="clocking_mode" value="1" description="" />
   <keyValuePair key="core_container" value="NA" description="" />
   <keyValuePair key="ecc_mode" value="0" description="" />
   <keyValuePair key="iptotal" value="2" description="" />
   <keyValuePair key="max_num_char" value="0" description="" />
   <keyValuePair key="memory_optimization" value="true" description="" />
   <keyValuePair key="memory_primitive" value="0" description="" />
   <keyValuePair key="memory_size" value="544" description="" />
   <keyValuePair key="memory_type" value="1" description="" />
   <keyValuePair key="message_control" value="0" description="" />
   <keyValuePair key="num_char_loc" value="0" description="" />
   <keyValuePair key="p_ecc_mode" value="no_ecc" description="" />
   <keyValuePair key="p_enable_byte_write_a" value="0" description="" />
   <keyValuePair key="p_enable_byte_write_b" value="0" description="" />
   <keyValuePair key="p_max_depth_data" value="16" description="" />
   <keyValuePair key="p_memory_opt" value="yes" description="" />
   <keyValuePair key="p_memory_primitive" value="auto" description="" />
   <keyValuePair key="p_min_width_data" value="34" description="" />
   <keyValuePair key="p_min_width_data_a" value="34" description="" />
   <keyValuePair key="p_min_width_data_b" value="34" description="" />
   <keyValuePair key="p_min_width_data_ecc" value="34" description="" />
   <keyValuePair key="p_min_width_data_ldw" value="4" description="" />
   <keyValuePair key="p_min_width_data_shft" value="34" description="" />
   <keyValuePair key="p_num_cols_write_a" value="1" description="" />
   <keyValuePair key="p_num_cols_write_b" value="1" description="" />
   <keyValuePair key="p_num_rows_read_a" value="1" description="" />
   <keyValuePair key="p_num_rows_read_b" value="1" description="" />
   <keyValuePair key="p_num_rows_write_a" value="1" description="" />
   <keyValuePair key="p_num_rows_write_b" value="1" description="" />
   <keyValuePair key="p_sdp_write_mode" value="yes" description="" />
   <keyValuePair key="p_width_addr_lsb_read_a" value="0" description="" />
   <keyValuePair key="p_width_addr_lsb_read_b" value="0" description="" />
   <keyValuePair key="p_width_addr_lsb_write_a" value="0" description="" />
   <keyValuePair key="p_width_addr_lsb_write_b" value="0" description="" />
   <keyValuePair key="p_width_addr_read_a" value="4" description="" />
   <keyValuePair key="p_width_addr_read_b" value="4" description="" />
   <keyValuePair key="p_width_addr_write_a" value="4" description="" />
   <keyValuePair key="p_width_addr_write_b" value="4" description="" />
   <keyValuePair key="p_width_col_write_a" value="34" description="" />
   <keyValuePair key="p_width_col_write_b" value="34" description="" />
   <keyValuePair key="read_data_width_a" value="34" description="" />
   <keyValuePair key="read_data_width_b" value="34" description="" />
   <keyValuePair key="read_latency_a" value="2" description="" />
   <keyValuePair key="read_latency_b" value="2" description="" />
   <keyValuePair key="read_reset_value_a" value="0" description="" />
   <keyValuePair key="rst_mode_a" value="SYNC" description="" />
   <keyValuePair key="rst_mode_b" value="SYNC" description="" />
   <keyValuePair key="rsta_loop_iter" value="36" description="" />
   <keyValuePair key="rstb_loop_iter" value="36" description="" />
   <keyValuePair key="sim_assert_chk" value="0" description="" />
   <keyValuePair key="use_embedded_constraint" value="0" description="" />
   <keyValuePair key="use_mem_init" value="0" description="" />
   <keyValuePair key="use_mem_init_mmi" value="0" description="" />
   <keyValuePair key="version" value="0" description="" />
   <keyValuePair key="wakeup_time" value="0" description="" />
   <keyValuePair key="write_data_width" value="34" description="" />
   <keyValuePair key="write_data_width_a" value="34" description="" />
   <keyValuePair key="write_data_width_b" value="34" description="" />
   <keyValuePair key="write_mode_a" value="2" description="" />
   <keyValuePair key="write_mode_b" value="2" description="" />
   <keyValuePair key="write_protect" value="1" description="" />
  </section>
 </section>
 <section name="report_drc" level="1" order="4" description="">
  <section name="command_line_options" level="2" order="1" description="">
   <keyValuePair key="-append" value="default::[not_specified]" description="" />
   <keyValuePair key="-checks" value="default::[not_specified]" description="" />
   <keyValuePair key="-fail_on" value="default::[not_specified]" description="" />
   <keyValuePair key="-force" value="default::[not_specified]" description="" />
   <keyValuePair key="-format" value="default::[not_specified]" description="" />
   <keyValuePair key="-internal" value="default::[not_specified]" description="" />
   <keyValuePair key="-internal_only" value="default::[not_specified]" description="" />
   <keyValuePair key="-max_msgs_per_check" value="default::[not_specified]" description="" />
   <keyValuePair key="-messages" value="default::[not_specified]" description="" />
   <keyValuePair key="-name" value="default::[not_specified]" description="" />
   <keyValuePair key="-no_waivers" value="default::[not_specified]" description="" />
   <keyValuePair key="-return_string" value="default::[not_specified]" description="" />
   <keyValuePair key="-ruledecks" value="default::[not_specified]" description="" />
   <keyValuePair key="-upgrade_cw" value="default::[not_specified]" description="" />
   <keyValuePair key="-waived" value="default::[not_specified]" description="" />
  </section>
  <section name="results" level="2" order="2" description="">
   <keyValuePair key="bufc-1" value="2" description="" />
   <keyValuePair key="cfgbvs-1" value="1" description="" />
  </section>
 </section>
 <section name="report_methodology" level="1" order="5" description="">
  <section name="command_line_options" level="2" order="1" description="">
   <keyValuePair key="-append" value="default::[not_specified]" description="" />
   <keyValuePair key="-checks" value="default::[not_specified]" description="" />
   <keyValuePair key="-fail_on" value="default::[not_specified]" description="" />
   <keyValuePair key="-force" value="default::[not_specified]" description="" />
   <keyValuePair key="-format" value="default::[not_specified]" description="" />
   <keyValuePair key="-messages" value="default::[not_specified]" description="" />
   <keyValuePair key="-name" value="default::[not_specified]" description="" />
   <keyValuePair key="-return_string" value="default::[not_specified]" description="" />
   <keyValuePair key="-slack_lesser_than" value="default::[not_specified]" description="" />
   <keyValuePair key="-waived" value="default::[not_specified]" description="" />
  </section>
  <section name="results" level="2" order="2" description="">
   <keyValuePair key="timing-10" value="1" description="" />
   <keyValuePair key="timing-18" value="1" description="" />
   <keyValuePair key="timing-27" value="1" description="" />
   <keyValuePair key="timing-4" value="1" description="" />
  </section>
 </section>
 <section name="report_power" level="1" order="6" description="">
  <section name="command_line_options" level="2" order="1" description="">
   <keyValuePair key="-advisory" value="default::[not_specified]" description="" />
   <keyValuePair key="-append" value="default::[not_specified]" description="" />
   <keyValuePair key="-file" value="[specified]" description="" />
   <keyValuePair key="-format" value="default::text" description="" />
   <keyValuePair key="-hier" value="default::power" description="" />
   <keyValuePair key="-hierarchical_depth" value="default::4" description="" />
   <keyValuePair key="-l" value="default::[not_specified]" description="" />
   <keyValuePair key="-name" value="default::[not_specified]" description="" />
   <keyValuePair key="-no_propagation" value="default::[not_specified]" description="" />
   <keyValuePair key="-return_string" value="default::[not_specified]" description="" />
   <keyValuePair key="-rpx" value="[specified]" description="" />
   <keyValuePair key="-verbose" value="default::[not_specified]" description="" />
   <keyValuePair key="-vid" value="default::[not_specified]" description="" />
   <keyValuePair key="-xpe" value="default::[not_specified]" description="" />
  </section>
  <section name="usage" level="2" order="2" description="">
   <keyValuePair key="airflow" value="250 (LFM)" description="" />
   <keyValuePair key="ambient_temp" value="25.0 (C)" description="" />
   <keyValuePair key="bi-dir_toggle" value="12.500000" description="" />
   <keyValuePair key="bidir_output_enable" value="1.000000" description="" />
   <keyValuePair key="board_layers" value="12to15 (12 to 15 Layers)" description="" />
   <keyValuePair key="board_selection" value="medium (10&quot;x10&quot;)" description="" />
   <keyValuePair key="clocks" value="0.004891" description="" />
   <keyValuePair key="confidence_level_clock_activity" value="High" description="" />
   <keyValuePair key="confidence_level_design_state" value="High" description="" />
   <keyValuePair key="confidence_level_device_models" value="High" description="" />
   <keyValuePair key="confidence_level_internal_activity" value="Medium" description="" />
   <keyValuePair key="confidence_level_io_activity" value="Low" description="" />
   <keyValuePair key="confidence_level_overall" value="Low" description="" />
   <keyValuePair key="customer" value="TBD" description="" />
   <keyValuePair key="customer_class" value="TBD" description="" />
   <keyValuePair key="devstatic" value="0.072294" description="" />
   <keyValuePair key="die" value="xc7a35tcpg236-1" description="" />
   <keyValuePair key="dsp_output_toggle" value="12.500000" description="" />
   <keyValuePair key="dynamic" value="0.276962" description="" />
   <keyValuePair key="effective_thetaja" value="5.00" description="" />
   <keyValuePair key="enable_probability" value="0.990000" description="" />
   <keyValuePair key="family" value="artix7" description="" />
   <keyValuePair key="ff_toggle" value="12.500000" description="" />
   <keyValuePair key="flow_state" value="routed" description="" />
   <keyValuePair key="heatsink" value="medium (Medium Profile)" description="" />
   <keyValuePair key="i/o" value="0.006253" description="" />
   <keyValuePair key="input_toggle" value="12.500000" description="" />
   <keyValuePair key="junction_temp" value="26.7 (C)" description="" />
   <keyValuePair key="logic" value="0.005006" description="" />
   <keyValuePair key="mgtavcc_dynamic_current" value="0.000000" description="" />
   <keyValuePair key="mgtavcc_static_current" value="0.000000" description="" />
   <keyValuePair key="mgtavcc_total_current" value="0.000000" description="" />
   <keyValuePair key="mgtavcc_voltage" value="1.000000" description="" />
   <keyValuePair key="mgtavtt_dynamic_current" value="0.000000" description="" />
   <keyValuePair key="mgtavtt_static_current" value="0.000000" description="" />
   <keyValuePair key="mgtavtt_total_current" value="0.000000" description="" />
   <keyValuePair key="mgtavtt_voltage" value="1.200000" description="" />
   <keyValuePair key="mmcm" value="0.256508" description="" />
   <keyValuePair key="netlist_net_matched" value="NA" description="" />
   <keyValuePair key="off-chip_power" value="0.000000" description="" />
   <keyValuePair key="on-chip_power" value="0.349256" description="" />
   <keyValuePair key="output_enable" value="1.000000" description="" />
   <keyValuePair key="output_load" value="5.000000" description="" />
   <keyValuePair key="output_toggle" value="12.500000" description="" />
   <keyValuePair key="package" value="cpg236" description="" />
   <keyValuePair key="pct_clock_constrained" value="1.780000" description="" />
   <keyValuePair key="pct_inputs_defined" value="14" description="" />
   <keyValuePair key="platform" value="lin64" description="" />
   <keyValuePair key="process" value="typical" description="" />
   <keyValuePair key="ram_enable" value="50.000000" description="" />
   <keyValuePair key="ram_write" value="50.000000" description="" />
   <keyValuePair key="read_saif" value="False" description="" />
   <keyValuePair key="set/reset_probability" value="0.000000" description="" />
   <keyValuePair key="signal_rate" value="False" description="" />
   <keyValuePair key="signals" value="0.004305" description="" />
   <keyValuePair key="simulation_file" value="None" description="" />
   <keyValuePair key="speedgrade" value="-1" description="" />
   <keyValuePair key="static_prob" value="False" description="" />
   <keyValuePair key="temp_grade" value="commercial" description="" />
   <keyValuePair key="thetajb" value="7.5 (C/W)" description="" />
   <keyValuePair key="thetasa" value="4.6 (C/W)" description="" />
   <keyValuePair key="toggle_rate" value="False" description="" />
   <keyValuePair key="user_board_temp" value="25.0 (C)" description="" />
   <keyValuePair key="user_effective_thetaja" value="5.00" description="" />
   <keyValuePair key="user_junc_temp" value="26.7 (C)" description="" />
   <keyValuePair key="user_thetajb" value="7.5 (C/W)" description="" />
   <keyValuePair key="user_thetasa" value="4.6 (C/W)" description="" />
   <keyValuePair key="vccadc_dynamic_current" value="0.000000" description="" />
   <keyValuePair key="vccadc_static_current" value="0.020000" description="" />
   <keyValuePair key="vccadc_total_current" value="0.020000" description="" />
   <keyValuePair key="vccadc_voltage" value="1.800000" description="" />
   <keyValuePair key="vccaux_dynamic_current" value="0.142337" description="" />
   <keyValuePair key="vccaux_io_dynamic_current" value="0.000000" description="" />
   <keyValuePair key="vccaux_io_static_current" value="0.000000" description="" />
   <keyValuePair key="vccaux_io_total_current" value="0.000000" description="" />
   <keyValuePair key="vccaux_io_voltage" value="1.800000" description="" />
   <keyValuePair key="vccaux_static_current" value="0.012653" description="" />
   <keyValuePair key="vccaux_total_current" value="0.154989" description="" />
   <keyValuePair key="vccaux_voltage" value="1.800000" description="" />
   <keyValuePair key="vccbram_dynamic_current" value="0.000000" description="" />
   <keyValuePair key="vccbram_static_current" value="0.000169" description="" />
   <keyValuePair key="vccbram_total_current" value="0.000169" description="" />
   <keyValuePair key="vccbram_voltage" value="1.000000" description="" />
   <keyValuePair key="vccint_dynamic_current" value="0.014988" description="" />
   <keyValuePair key="vccint_static_current" value="0.010050" description="" />
   <keyValuePair key="vccint_total_current" value="0.025038" description="" />
   <keyValuePair key="vccint_voltage" value="1.000000" description="" />
   <keyValuePair key="vcco12_dynamic_current" value="0.000000" description="" />
   <keyValuePair key="vcco12_static_current" value="0.000000" description="" />
   <keyValuePair key="vcco12_total_current" value="0.000000" description="" />
   <keyValuePair key="vcco12_voltage" value="1.200000" description="" />
   <keyValuePair key="vcco135_dynamic_current" value="0.000000" description="" />
   <keyValuePair key="vcco135_static_current" value="0.000000" description="" />
   <keyValuePair key="vcco135_total_current" value="0.000000" description="" />
   <keyValuePair key="vcco135_voltage" value="1.350000" description="" />
   <keyValuePair key="vcco15_dynamic_current" value="0.000000" description="" />
   <keyValuePair key="vcco15_static_current" value="0.000000" description="" />
   <keyValuePair key="vcco15_total_current" value="0.000000" description="" />
   <keyValuePair key="vcco15_voltage" value="1.500000" description="" />
   <keyValuePair key="vcco18_dynamic_current" value="0.000000" description="" />
   <keyValuePair key="vcco18_static_current" value="0.000000" description="" />
   <keyValuePair key="vcco18_total_current" value="0.000000" description="" />
   <keyValuePair key="vcco18_voltage" value="1.800000" description="" />
   <keyValuePair key="vcco25_dynamic_current" value="0.000000" description="" />
   <keyValuePair key="vcco25_static_current" value="0.000000" description="" />
   <keyValuePair key="vcco25_total_current" value="0.000000" description="" />
   <keyValuePair key="vcco25_voltage" value="2.500000" description="" />
   <keyValuePair key="vcco33_dynamic_current" value="0.001748" description="" />
   <keyValuePair key="vcco33_static_current" value="0.001000" description="" />
   <keyValuePair key="vcco33_total_current" value="0.002748" description="" />
   <keyValuePair key="vcco33_voltage" value="3.300000" description="" />
   <keyValuePair key="version" value="2020.2" description="" />
  </section>
 </section>
 <section name="report_utilization" level="1" order="7" description="">
  <section name="clocking" level="2" order="1" description="">
   <keyValuePair key="bufgctrl_available" value="32" description="" />
   <keyValuePair key="bufgctrl_fixed" value="0" description="" />
   <keyValuePair key="bufgctrl_used" value="5" description="" />
   <keyValuePair key="bufgctrl_util_percentage" value="15.63" description="" />
   <keyValuePair key="bufhce_available" value="72" description="" />
   <keyValuePair key="bufhce_fixed" value="0" description="" />
   <keyValuePair key="bufhce_used" value="0" description="" />
   <keyValuePair key="bufhce_util_percentage" value="0.00" description="" />
   <keyValuePair key="bufio_available" value="20" description="" />
   <keyValuePair key="bufio_fixed" value="0" description="" />
   <keyValuePair key="bufio_used" value="0" description="" />
   <keyValuePair key="bufio_util_percentage" value="0.00" description="" />
   <keyValuePair key="bufmrce_available" value="10" description="" />
   <keyValuePair key="bufmrce_fixed" value="0" description="" />
   <keyValuePair key="bufmrce_used" value="0" description="" />
   <keyValuePair key="bufmrce_util_percentage" value="0.00" description="" />
   <keyValuePair key="bufr_available" value="20" description="" />
   <keyValuePair key="bufr_fixed" value="0" description="" />
   <keyValuePair key="bufr_used" value="0" description="" />
   <keyValuePair key="bufr_util_percentage" value="0.00" description="" />
   <keyValuePair key="mmcme2_adv_available" value="5" description="" />
   <keyValuePair key="mmcme2_adv_fixed" value="0" description="" />
   <keyValuePair key="mmcme2_adv_used" value="2" description="" />
   <keyValuePair key="mmcme2_adv_util_percentage" value="40.00" description="" />
   <keyValuePair key="plle2_adv_available" value="5" description="" />
   <keyValuePair key="plle2_adv_fixed" value="0" description="" />
   <keyValuePair key="plle2_adv_used" value="0" description="" />
   <keyValuePair key="plle2_adv_util_percentage" value="0.00" description="" />
  </section>
  <section name="dsp" level="2" order="2" description="">
   <keyValuePair key="dsps_available" value="90" description="" />
   <keyValuePair key="dsps_fixed" value="0" description="" />
   <keyValuePair key="dsps_used" value="0" description="" />
   <keyValuePair key="dsps_util_percentage" value="0.00" description="" />
  </section>
  <section name="io_standard" level="2" order="3" description="">
   <keyValuePair key="blvds_25" value="0" description="" />
   <keyValuePair key="diff_hstl_i" value="0" description="" />
   <keyValuePair key="diff_hstl_i_18" value="0" description="" />
   <keyValuePair key="diff_hstl_ii" value="0" description="" />
   <keyValuePair key="diff_hstl_ii_18" value="0" description="" />
   <keyValuePair key="diff_hsul_12" value="0" description="" />
   <keyValuePair key="diff_mobile_ddr" value="0" description="" />
   <keyValuePair key="diff_sstl135" value="0" description="" />
   <keyValuePair key="diff_sstl135_r" value="0" description="" />
   <keyValuePair key="diff_sstl15" value="0" description="" />
   <keyValuePair key="diff_sstl15_r" value="0" description="" />
   <keyValuePair key="diff_sstl18_i" value="0" description="" />
   <keyValuePair key="diff_sstl18_ii" value="0" description="" />
   <keyValuePair key="hstl_i" value="0" description="" />
   <keyValuePair key="hstl_i_18" value="0" description="" />
   <keyValuePair key="hstl_ii" value="0" description="" />
   <keyValuePair key="hstl_ii_18" value="0" description="" />
   <keyValuePair key="hsul_12" value="0" description="" />
   <keyValuePair key="lvcmos12" value="0" description="" />
   <keyValuePair key="lvcmos15" value="0" description="" />
   <keyValuePair key="lvcmos18" value="0" description="" />
   <keyValuePair key="lvcmos25" value="0" description="" />
   <keyValuePair key="lvcmos33" value="1" description="" />
   <keyValuePair key="lvds_25" value="0" description="" />
   <keyValuePair key="lvttl" value="0" description="" />
   <keyValuePair key="mini_lvds_25" value="0" description="" />
   <keyValuePair key="mobile_ddr" value="0" description="" />
   <keyValuePair key="pci33_3" value="0" description="" />
   <keyValuePair key="ppds_25" value="0" description="" />
   <keyValuePair key="rsds_25" value="0" description="" />
   <keyValuePair key="sstl135" value="0" description="" />
   <keyValuePair key="sstl135_r" value="0" description="" />
   <keyValuePair key="sstl15" value="0" description="" />
   <keyValuePair key="sstl15_r" value="0" description="" />
   <keyValuePair key="sstl18_i" value="0" description="" />
   <keyValuePair key="sstl18_ii" value="0" description="" />
   <keyValuePair key="tmds_33" value="0" description="" />
  </section>
  <section name="memory" level="2" order="4" description="">
   <keyValuePair key="block_ram_tile_available" value="50" description="" />
   <keyValuePair key="block_ram_tile_fixed" value="0" description="" />
   <keyValuePair key="block_ram_tile_used" value="0" description="" />
   <keyValuePair key="block_ram_tile_util_percentage" value="0.00" description="" />
   <keyValuePair key="ramb18_available" value="100" description="" />
   <keyValuePair key="ramb18_fixed" value="0" description="" />
   <keyValuePair key="ramb18_used" value="0" description="" />
   <keyValuePair key="ramb18_util_percentage" value="0.00" description="" />
   <keyValuePair key="ramb36_fifo_available" value="50" description="" />
   <keyValuePair key="ramb36_fifo_fixed" value="0" description="" />
   <keyValuePair key="ramb36_fifo_used" value="0" description="" />
   <keyValuePair key="ramb36_fifo_util_percentage" value="0.00" description="" />
  </section>
  <section name="primitives" level="2" order="5" description="">
   <keyValuePair key="bufg_functional_category" value="Clock" description="" />
   <keyValuePair key="bufg_used" value="5" description="" />
   <keyValuePair key="carry4_functional_category" value="CarryLogic" description="" />
   <keyValuePair key="carry4_used" value="29" description="" />
   <keyValuePair key="fdre_functional_category" value="Flop &amp; Latch" description="" />
   <keyValuePair key="fdre_used" value="1197" description="" />
   <keyValuePair key="fdse_functional_category" value="Flop &amp; Latch" description="" />
   <keyValuePair key="fdse_used" value="48" description="" />
   <keyValuePair key="ibuf_functional_category" value="IO" description="" />
   <keyValuePair key="ibuf_used" value="7" description="" />
   <keyValuePair key="lut1_functional_category" value="LUT" description="" />
   <keyValuePair key="lut1_used" value="22" description="" />
   <keyValuePair key="lut2_functional_category" value="LUT" description="" />
   <keyValuePair key="lut2_used" value="201" description="" />
   <keyValuePair key="lut3_functional_category" value="LUT" description="" />
   <keyValuePair key="lut3_used" value="250" description="" />
   <keyValuePair key="lut4_functional_category" value="LUT" description="" />
   <keyValuePair key="lut4_used" value="177" description="" />
   <keyValuePair key="lut5_functional_category" value="LUT" description="" />
   <keyValuePair key="lut5_used" value="223" description="" />
   <keyValuePair key="lut6_functional_category" value="LUT" description="" />
   <keyValuePair key="lut6_used" value="296" description="" />
   <keyValuePair key="mmcme2_adv_functional_category" value="Clock" description="" />
   <keyValuePair key="mmcme2_adv_used" value="2" description="" />
   <keyValuePair key="muxf7_functional_category" value="MuxFx" description="" />
   <keyValuePair key="muxf7_used" value="3" description="" />
   <keyValuePair key="obuf_functional_category" value="IO" description="" />
   <keyValuePair key="obuf_used" value="7" description="" />
   <keyValuePair key="obuft_functional_category" value="IO" description="" />
   <keyValuePair key="obuft_used" value="4" description="" />
   <keyValuePair key="ramd32_functional_category" value="Distributed Memory" description="" />
   <keyValuePair key="ramd32_used" value="60" description="" />
   <keyValuePair key="rams32_functional_category" value="Distributed Memory" description="" />
   <keyValuePair key="rams32_used" value="20" description="" />
   <keyValuePair key="srl16e_functional_category" value="Distributed Memory" description="" />
   <keyValuePair key="srl16e_used" value="1" description="" />
   <keyValuePair key="srlc32e_functional_category" value="Distributed Memory" description="" />
   <keyValuePair key="srlc32e_used" value="38" description="" />
  </section>
  <section name="slice_logic" level="2" order="6" description="">
   <keyValuePair key="f7_muxes_available" value="16300" description="" />
   <keyValuePair key="f7_muxes_fixed" value="0" description="" />
   <keyValuePair key="f7_muxes_used" value="3" description="" />
   <keyValuePair key="f7_muxes_util_percentage" value="0.02" description="" />
   <keyValuePair key="f8_muxes_available" value="8150" description="" />
   <keyValuePair key="f8_muxes_fixed" value="0" description="" />
   <keyValuePair key="f8_muxes_used" value="0" description="" />
   <keyValuePair key="f8_muxes_util_percentage" value="0.00" description="" />
   <keyValuePair key="lut_as_distributed_ram_fixed" value="0" description="" />
   <keyValuePair key="lut_as_distributed_ram_fixed" value="0" description="" />
   <keyValuePair key="lut_as_distributed_ram_used" value="40" description="" />
   <keyValuePair key="lut_as_distributed_ram_used" value="40" description="" />
   <keyValuePair key="lut_as_logic_available" value="20800" description="" />
   <keyValuePair key="lut_as_logic_available" value="20800" description="" />
   <keyValuePair key="lut_as_logic_fixed" value="0" description="" />
   <keyValuePair key="lut_as_logic_fixed" value="0" description="" />
   <keyValuePair key="lut_as_logic_used" value="874" description="" />
   <keyValuePair key="lut_as_logic_used" value="874" description="" />
   <keyValuePair key="lut_as_logic_util_percentage" value="4.20" description="" />
   <keyValuePair key="lut_as_logic_util_percentage" value="4.20" description="" />
   <keyValuePair key="lut_as_memory_available" value="9600" description="" />
   <keyValuePair key="lut_as_memory_available" value="9600" description="" />
   <keyValuePair key="lut_as_memory_fixed" value="0" description="" />
   <keyValuePair key="lut_as_memory_fixed" value="0" description="" />
   <keyValuePair key="lut_as_memory_used" value="79" description="" />
   <keyValuePair key="lut_as_memory_used" value="79" description="" />
   <keyValuePair key="lut_as_memory_util_percentage" value="0.82" description="" />
   <keyValuePair key="lut_as_memory_util_percentage" value="0.82" description="" />
   <keyValuePair key="lut_as_shift_register_fixed" value="0" description="" />
   <keyValuePair key="lut_as_shift_register_fixed" value="0" description="" />
   <keyValuePair key="lut_as_shift_register_used" value="39" description="" />
   <keyValuePair key="lut_as_shift_register_used" value="39" description="" />
   <keyValuePair key="lut_in_front_of_the_register_is_unused_fixed" value="39" description="" />
   <keyValuePair key="lut_in_front_of_the_register_is_unused_used" value="513" description="" />
   <keyValuePair key="lut_in_front_of_the_register_is_used_fixed" value="513" description="" />
   <keyValuePair key="lut_in_front_of_the_register_is_used_used" value="96" description="" />
   <keyValuePair key="register_as_flip_flop_available" value="41600" description="" />
   <keyValuePair key="register_as_flip_flop_fixed" value="0" description="" />
   <keyValuePair key="register_as_flip_flop_used" value="1242" description="" />
   <keyValuePair key="register_as_flip_flop_util_percentage" value="2.99" description="" />
   <keyValuePair key="register_as_latch_available" value="41600" description="" />
   <keyValuePair key="register_as_latch_fixed" value="0" description="" />
   <keyValuePair key="register_as_latch_used" value="0" description="" />
   <keyValuePair key="register_as_latch_util_percentage" value="0.00" description="" />
   <keyValuePair key="register_driven_from_outside_the_slice_fixed" value="96" description="" />
   <keyValuePair key="register_driven_from_outside_the_slice_used" value="609" description="" />
   <keyValuePair key="register_driven_from_within_the_slice_fixed" value="609" description="" />
   <keyValuePair key="register_driven_from_within_the_slice_used" value="633" description="" />
   <keyValuePair key="slice_available" value="8150" description="" />
   <keyValuePair key="slice_fixed" value="0" description="" />
   <keyValuePair key="slice_luts_available" value="20800" description="" />
   <keyValuePair key="slice_luts_fixed" value="0" description="" />
   <keyValuePair key="slice_luts_used" value="953" description="" />
   <keyValuePair key="slice_luts_util_percentage" value="4.58" description="" />
   <keyValuePair key="slice_registers_available" value="41600" description="" />
   <keyValuePair key="slice_registers_available" value="41600" description="" />
   <keyValuePair key="slice_registers_fixed" value="0" description="" />
   <keyValuePair key="slice_registers_fixed" value="0" description="" />
   <keyValuePair key="slice_registers_used" value="1242" description="" />
   <keyValuePair key="slice_registers_used" value="1242" description="" />
   <keyValuePair key="slice_registers_util_percentage" value="2.99" description="" />
   <keyValuePair key="slice_registers_util_percentage" value="2.99" description="" />
   <keyValuePair key="slice_used" value="372" description="" />
   <keyValuePair key="slice_util_percentage" value="4.56" description="" />
   <keyValuePair key="slicel_fixed" value="0" description="" />
   <keyValuePair key="slicel_used" value="243" description="" />
   <keyValuePair key="slicem_fixed" value="0" description="" />
   <keyValuePair key="slicem_used" value="129" description="" />
   <keyValuePair key="unique_control_sets_available" value="8150" description="" />
   <keyValuePair key="unique_control_sets_fixed" value="8150" description="" />
   <keyValuePair key="unique_control_sets_used" value="66" description="" />
   <keyValuePair key="unique_control_sets_util_percentage" value="0.81" description="" />
   <keyValuePair key="using_o5_and_o6_fixed" value="0.81" description="" />
   <keyValuePair key="using_o5_and_o6_used" value="0" description="" />
   <keyValuePair key="using_o5_output_only_fixed" value="0" description="" />
   <keyValuePair key="using_o5_output_only_used" value="0" description="" />
   <keyValuePair key="using_o6_output_only_fixed" value="0" description="" />
   <keyValuePair key="using_o6_output_only_used" value="39" description="" />
  </section>
  <section name="specific_feature" level="2" order="7" description="">
   <keyValuePair key="bscane2_available" value="4" description="" />
   <keyValuePair key="bscane2_fixed" value="0" description="" />
   <keyValuePair key="bscane2_used" value="0" description="" />
   <keyValuePair key="bscane2_util_percentage" value="0.00" description="" />
   <keyValuePair key="capturee2_available" value="1" description="" />
   <keyValuePair key="capturee2_fixed" value="0" description="" />
   <keyValuePair key="capturee2_used" value="0" description="" />
   <keyValuePair key="capturee2_util_percentage" value="0.00" description="" />
   <keyValuePair key="dna_port_available" value="1" description="" />
   <keyValuePair key="dna_port_fixed" value="0" description="" />
   <keyValuePair key="dna_port_used" value="0" description="" />
   <keyValuePair key="dna_port_util_percentage" value="0.00" description="" />
   <keyValuePair key="efuse_usr_available" value="1" description="" />
   <keyValuePair key="efuse_usr_fixed" value="0" description="" />
   <keyValuePair key="efuse_usr_used" value="0" description="" />
   <keyValuePair key="efuse_usr_util_percentage" value="0.00" description="" />
   <keyValuePair key="frame_ecce2_available" value="1" description="" />
   <keyValuePair key="frame_ecce2_fixed" value="0" description="" />
   <keyValuePair key="frame_ecce2_used" value="0" description="" />
   <keyValuePair key="frame_ecce2_util_percentage" value="0.00" description="" />
   <keyValuePair key="icape2_available" value="2" description="" />
   <keyValuePair key="icape2_fixed" value="0" description="" />
   <keyValuePair key="icape2_used" value="0" description="" />
   <keyValuePair key="icape2_util_percentage" value="0.00" description="" />
   <keyValuePair key="pcie_2_1_available" value="1" description="" />
   <keyValuePair key="pcie_2_1_fixed" value="0" description="" />
   <keyValuePair key="pcie_2_1_used" value="0" description="" />
   <keyValuePair key="pcie_2_1_util_percentage" value="0.00" description="" />
   <keyValuePair key="startupe2_available" value="1" description="" />
   <keyValuePair key="startupe2_fixed" value="0" description="" />
   <keyValuePair key="startupe2_used" value="0" description="" />
   <keyValuePair key="startupe2_util_percentage" value="0.00" description="" />
   <keyValuePair key="xadc_available" value="1" description="" />
   <keyValuePair key="xadc_fixed" value="0" description="" />
   <keyValuePair key="xadc_used" value="0" description="" />
   <keyValuePair key="xadc_util_percentage" value="0.00" description="" />
  </section>
 </section>
 <section name="synthesis" level="1" order="8" description="">
  <section name="command_line_options" level="2" order="1" description="">
   <keyValuePair key="-assert" value="default::[not_specified]" description="" />
   <keyValuePair key="-bufg" value="default::12" description="" />
   <keyValuePair key="-cascade_dsp" value="default::auto" description="" />
   <keyValuePair key="-constrset" value="default::[not_specified]" description="" />
   <keyValuePair key="-control_set_opt_threshold" value="default::auto" description="" />
   <keyValuePair key="-debug_log" value="default::[not_specified]" description="" />
   <keyValuePair key="-directive" value="default::default" description="" />
   <keyValuePair key="-fanout_limit" value="default::10000" description="" />
   <keyValuePair key="-flatten_hierarchy" value="default::rebuilt" description="" />
   <keyValuePair key="-fsm_extraction" value="default::auto" description="" />
   <keyValuePair key="-gated_clock_conversion" value="default::off" description="" />
   <keyValuePair key="-generic" value="default::[not_specified]" description="" />
   <keyValuePair key="-include_dirs" value="default::[not_specified]" description="" />
   <keyValuePair key="-keep_equivalent_registers" value="default::[not_specified]" description="" />
   <keyValuePair key="-lint" value="default::[not_specified]" description="" />
   <keyValuePair key="-max_bram" value="default::-1" description="" />
   <keyValuePair key="-max_bram_cascade_height" value="default::-1" description="" />
   <keyValuePair key="-max_dsp" value="default::-1" description="" />
   <keyValuePair key="-max_uram" value="default::-1" description="" />
   <keyValuePair key="-max_uram_cascade_height" value="default::-1" description="" />
   <keyValuePair key="-mode" value="default::default" description="" />
   <keyValuePair key="-name" value="default::[not_specified]" description="" />
   <keyValuePair key="-no_lc" value="default::[not_specified]" description="" />
   <keyValuePair key="-no_srlextract" value="default::[not_specified]" description="" />
   <keyValuePair key="-no_timing_driven" value="default::[not_specified]" description="" />
   <keyValuePair key="-os" value="default::[not_specified]" description="" />
   <keyValuePair key="-part" value="xc7a35tcpg236-1" description="" />
   <keyValuePair key="-resource_sharing" value="default::auto" description="" />
   <keyValuePair key="-retiming" value="default::[not_specified]" description="" />
   <keyValuePair key="-rtl" value="default::[not_specified]" description="" />
   <keyValuePair key="-rtl_skip_constraints" value="default::[not_specified]" description="" />
   <keyValuePair key="-rtl_skip_ip" value="default::[not_specified]" description="" />
   <keyValuePair key="-seu_protect" value="default::none" description="" />
   <keyValuePair key="-sfcu" value="default::[not_specified]" description="" />
   <keyValuePair key="-shreg_min_size" value="default::3" description="" />
   <keyValuePair key="-top" value="top_bd_wrapper" description="" />
   <keyValuePair key="-verilog_define" value="default::[not_specified]" description="" />
  </section>
  <section name="usage" level="2" order="2" description="">
   <keyValuePair key="elapsed" value="00:00:16s" description="" />
   <keyValuePair key="hls_ip" value="0" description="" />
   <keyValuePair key="memory_gain" value="0.000MB" description="" />
   <keyValuePair key="memory_peak" value="2429.535MB" description="" />
  </section>
 </section>
 <section name="unisim_transformation" level="1" order="9" description="">
  <section name="post_unisim_transformation" level="2" order="1" description="">
   <keyValuePair key="bufg" value="5" description="" />
   <keyValuePair key="carry4" value="29" description="" />
   <keyValuePair key="fdre" value="1372" description="" />
   <keyValuePair key="fdse" value="48" description="" />
   <keyValuePair key="gnd" value="78" description="" />
   <keyValuePair key="ibuf" value="7" description="" />
   <keyValuePair key="lut1" value="28" description="" />
   <keyValuePair key="lut2" value="229" description="" />
   <keyValuePair key="lut3" value="262" description="" />
   <keyValuePair key="lut4" value="187" description="" />
   <keyValuePair key="lut5" value="237" description="" />
   <keyValuePair key="lut6" value="318" description="" />
   <keyValuePair key="mmcme2_adv" value="2" description="" />
   <keyValuePair key="muxf7" value="3" description="" />
   <keyValuePair key="obuf" value="7" description="" />
   <keyValuePair key="obuft" value="4" description="" />
   <keyValuePair key="ramd32" value="72" description="" />
   <keyValuePair key="rams32" value="24" description="" />
   <keyValuePair key="srl16e" value="1" description="" />
   <keyValuePair key="srlc32e" value="38" description="" />
   <keyValuePair key="vcc" value="83" description="" />
  </section>
  <section name="pre_unisim_transformation" level="2" order="2" description="">
   <keyValuePair key="bufg" value="5" description="" />
   <keyValuePair key="carry4" value="29" description="" />
   <keyValuePair key="fdre" value="1372" description="" />
   <keyValuePair key="fdse" value="48" description="" />
   <keyValuePair key="gnd" value="78" description="" />
   <keyValuePair key="ibuf" value="4" description="" />
   <keyValuePair key="iobuf" value="4" description="" />
   <keyValuePair key="lut1" value="28" description="" />
   <keyValuePair key="lut2" value="229" description="" />
   <keyValuePair key="lut3" value="262" description="" />
   <keyValuePair key="lut4" value="187" description="" />
   <keyValuePair key="lut5" value="237" description="" />
   <keyValuePair key="lut6" value="318" description="" />
   <keyValuePair key="mmcme2_adv" value="2" description="" />
   <keyValuePair key="muxf7" value="3" description="" />
   <keyValuePair key="obuf" value="7" description="" />
   <keyValuePair key="ram32m" value="12" description="" />
   <keyValuePair key="srl16e" value="1" description="" />
   <keyValuePair key="srlc32e" value="38" description="" />
   <keyValuePair key="vcc" value="83" description="" />
  </section>
 </section>
 <section name="vivado_usage" level="1" order="10" description="">
  <section name="gui_handlers" level="2" order="1" description="">
   <keyValuePair key="abstractfileview_reload" value="1" description="" />
   <keyValuePair key="addrepositoryinfodialog_ok" value="2" description="" />
   <keyValuePair key="addsrcwizard_specify_simulation_specific_hdl_files" value="1" description="" />
   <keyValuePair key="basedialog_cancel" value="54" description="" />
   <keyValuePair key="basedialog_close" value="1" description="" />
   <keyValuePair key="basedialog_ok" value="39" description="" />
   <keyValuePair key="basedialog_yes" value="2" description="" />
   <keyValuePair key="basereporttab_rerun" value="7" description="" />
   <keyValuePair key="boardtreepanel_board_tree_panel" value="2" description="" />
   <keyValuePair key="cmdmsgdialog_ok" value="64" description="" />
   <keyValuePair key="coretreetablepanel_core_tree_table" value="5" description="" />
   <keyValuePair key="createconstraintsfilepanel_file_name" value="1" description="" />
   <keyValuePair key="createnewdiagramdialog_design_name" value="1" description="" />
   <keyValuePair key="createsrcfiledialog_file_name" value="1" description="" />
   <keyValuePair key="debugwizard_disconnect_all_nets_and_remove_debug" value="2" description="" />
   <keyValuePair key="designtimingsumsectionpanel_worst_negative_slack" value="2" description="" />
   <keyValuePair key="filesetpanel_file_set_panel_tree" value="59" description="" />
   <keyValuePair key="flownavigatortreepanel_flow_navigator_tree" value="91" description="" />
   <keyValuePair key="gettingstartedview_open_project" value="5" description="" />
   <keyValuePair key="graphicalview_zoom_fit" value="19" description="" />
   <keyValuePair key="graphicalview_zoom_in" value="3" description="" />
   <keyValuePair key="graphicalview_zoom_out" value="9" description="" />
   <keyValuePair key="hardwareilawaveformview_run_trigger_for_this_ila_core" value="13" description="" />
   <keyValuePair key="hfiltertoolbar_hide_all" value="1" description="" />
   <keyValuePair key="hfiltertoolbar_show_all" value="1" description="" />
   <keyValuePair key="ilaprobetablepanel_add_probe" value="4" description="" />
   <keyValuePair key="ilaprobetablepanel_set_trigger_condition_to_global" value="3" description="" />
   <keyValuePair key="ipstatussectionpanel_upgrade_selected" value="4" description="" />
   <keyValuePair key="ipstatustablepanel_ip_status_table" value="9" description="" />
   <keyValuePair key="ipstatustablepanel_more_info" value="14" description="" />
   <keyValuePair key="languagetemplatesdialog_templates_tree" value="6" description="" />
   <keyValuePair key="launchrunmsgdialog_cancel_run" value="2" description="" />
   <keyValuePair key="mainmenumgr_edit" value="4" description="" />
   <keyValuePair key="mainmenumgr_export" value="2" description="" />
   <keyValuePair key="mainmenumgr_file" value="28" description="" />
   <keyValuePair key="mainmenumgr_open_recent_file" value="3" description="" />
   <keyValuePair key="mainmenumgr_open_recent_ip_location" value="3" description="" />
   <keyValuePair key="mainmenumgr_open_recent_project" value="17" description="" />
   <keyValuePair key="mainmenumgr_project" value="1" description="" />
   <keyValuePair key="mainmenumgr_report" value="1" description="" />
   <keyValuePair key="mainmenumgr_tools" value="2" description="" />
   <keyValuePair key="messagewithoptiondialog_dont_show_this_dialog_again" value="2" description="" />
   <keyValuePair key="netlisttreeview_netlist_tree" value="10" description="" />
   <keyValuePair key="pacommandnames_add_sources" value="9" description="" />
   <keyValuePair key="pacommandnames_auto_connect_ports" value="1" description="" />
   <keyValuePair key="pacommandnames_auto_connect_target" value="4" description="" />
   <keyValuePair key="pacommandnames_auto_update_hier" value="2" description="" />
   <keyValuePair key="pacommandnames_close_project" value="3" description="" />
   <keyValuePair key="pacommandnames_create_top_hdl" value="1" description="" />
   <keyValuePair key="pacommandnames_disconnect_rsb_pin" value="3" description="" />
   <keyValuePair key="pacommandnames_export_simulation" value="1" description="" />
   <keyValuePair key="pacommandnames_language_templates" value="1" description="" />
   <keyValuePair key="pacommandnames_mark_debug_net" value="1" description="" />
   <keyValuePair key="pacommandnames_new_project" value="1" description="" />
   <keyValuePair key="pacommandnames_open_project" value="2" description="" />
   <keyValuePair key="pacommandnames_recustomize_core" value="2" description="" />
   <keyValuePair key="pacommandnames_regenerate_layout" value="13" description="" />
   <keyValuePair key="pacommandnames_set_as_top" value="1" description="" />
   <keyValuePair key="pacommandnames_simulation_relaunch" value="18" description="" />
   <keyValuePair key="pacommandnames_simulation_run_behavioral" value="5" description="" />
   <keyValuePair key="pacommandnames_src_replace_file" value="1" description="" />
   <keyValuePair key="pacommandnames_validate_rsb_design" value="7" description="" />
   <keyValuePair key="partchooser_boards" value="4" description="" />
   <keyValuePair key="paviews_code" value="3" description="" />
   <keyValuePair key="paviews_dashboard" value="1" description="" />
   <keyValuePair key="paviews_device" value="2" description="" />
   <keyValuePair key="paviews_package" value="1" description="" />
   <keyValuePair key="paviews_project_summary" value="1" description="" />
   <keyValuePair key="planaheadtab_refresh_changed_modules" value="43" description="" />
   <keyValuePair key="probesview_probes_tree" value="4" description="" />
   <keyValuePair key="programdebugtab_program_device" value="6" description="" />
   <keyValuePair key="programfpgadialog_program" value="32" description="" />
   <keyValuePair key="programfpgadialog_specify_debug_probes_file" value="2" description="" />
   <keyValuePair key="projectnamechooser_project_name" value="1" description="" />
   <keyValuePair key="projecttab_close_design" value="4" description="" />
   <keyValuePair key="projecttab_reload" value="6" description="" />
   <keyValuePair key="rdicommands_copy" value="1" description="" />
   <keyValuePair key="rdicommands_custom_commands" value="1" description="" />
   <keyValuePair key="rdicommands_delete" value="2" description="" />
   <keyValuePair key="rdicommands_settings" value="1" description="" />
   <keyValuePair key="rdicommands_waveform_save_configuration" value="2" description="" />
   <keyValuePair key="rdicommands_waveform_save_configuration_as" value="1" description="" />
   <keyValuePair key="rdiviews_waveform_viewer" value="38" description="" />
   <keyValuePair key="removesourcesdialog_also_delete" value="1" description="" />
   <keyValuePair key="reportipstatusinfodialog_report_ip_status" value="1" description="" />
   <keyValuePair key="rsbapplyautomationbar_run_connection_automation" value="6" description="" />
   <keyValuePair key="saveprojectutils_cancel" value="4" description="" />
   <keyValuePair key="saveprojectutils_dont_save" value="2" description="" />
   <keyValuePair key="saveprojectutils_save" value="14" description="" />
   <keyValuePair key="selectmenu_highlight" value="7" description="" />
   <keyValuePair key="settingsdialog_project_tree" value="2" description="" />
   <keyValuePair key="settingsprojectiprepositorypage_add_repository" value="2" description="" />
   <keyValuePair key="signaltreepanel_signal_tree_table" value="6" description="" />
   <keyValuePair key="simpleoutputproductdialog_generate_output_products_immediately" value="5" description="" />
   <keyValuePair key="simulationobjectspanel_simulation_objects_tree_table" value="2" description="" />
   <keyValuePair key="simulationscopespanel_simulate_scope_table" value="7" description="" />
   <keyValuePair key="srcchooserpanel_add_hdl_and_netlist_files_to_your_project" value="9" description="" />
   <keyValuePair key="srcchooserpanel_create_file" value="2" description="" />
   <keyValuePair key="srcchooserpanel_make_local_copy_of_these_files_into" value="2" description="" />
   <keyValuePair key="srcmenu_ip_hierarchy" value="1" description="" />
   <keyValuePair key="syntheticagettingstartedview_recent_projects" value="2" description="" />
   <keyValuePair key="syntheticastatemonitor_cancel" value="2" description="" />
   <keyValuePair key="systembuildermenu_clear_debug" value="1" description="" />
   <keyValuePair key="systembuildermenu_debug" value="2" description="" />
   <keyValuePair key="systembuilderview_add_ip" value="4" description="" />
   <keyValuePair key="systemtab_upgrade_later" value="1" description="" />
   <keyValuePair key="taskbanner_close" value="3" description="" />
   <keyValuePair key="tclobjecttreetable_treetable" value="3" description="" />
   <keyValuePair key="triggersetuppanel_table" value="11" description="" />
   <keyValuePair key="triggerstatuspanel_run_trigger_for_this_ila_core" value="3" description="" />
   <keyValuePair key="triggerstatuspanel_stop_trigger_for_this_ila_core" value="2" description="" />
   <keyValuePair key="waveformnametree_waveform_name_tree" value="20" description="" />
   <keyValuePair key="waveformview_add" value="2" description="" />
  </section>
  <section name="java_command_handlers" level="2" order="2" description="">
   <keyValuePair key="addsources" value="5" description="" />
   <keyValuePair key="autoconnectboardcomp" value="2" description="" />
   <keyValuePair key="autoconnectport" value="1" description="" />
   <keyValuePair key="autoconnecttarget" value="4" description="" />
   <keyValuePair key="closeproject" value="6" description="" />
   <keyValuePair key="createblockdesign" value="1" description="" />
   <keyValuePair key="createtophdl" value="1" description="" />
   <keyValuePair key="customizersbblock" value="12" description="" />
   <keyValuePair key="debugwizardcmdhandler" value="3" description="" />
   <keyValuePair key="disconnectrsbpin" value="3" description="" />
   <keyValuePair key="editdelete" value="16" description="" />
   <keyValuePair key="editundo" value="1" description="" />
   <keyValuePair key="exportsimulationfile" value="1" description="" />
   <keyValuePair key="launchprogramfpga" value="16" description="" />
   <keyValuePair key="markdebug" value="1" description="" />
   <keyValuePair key="newproject" value="1" description="" />
   <keyValuePair key="openblockdesign" value="21" description="" />
   <keyValuePair key="openhardwaremanager" value="17" description="" />
   <keyValuePair key="openproject" value="5" description="" />
   <keyValuePair key="openrecenttarget" value="4" description="" />
   <keyValuePair key="programdevice" value="13" description="" />
   <keyValuePair key="recustomizecore" value="2" description="" />
   <keyValuePair key="regeneratersblayout" value="10" description="" />
   <keyValuePair key="reportipstatus" value="1" description="" />
   <keyValuePair key="reporttimingsummary" value="1" description="" />
   <keyValuePair key="runbitgen" value="26" description="" />
   <keyValuePair key="runsynthesis" value="5" description="" />
   <keyValuePair key="runtrigger" value="14" description="" />
   <keyValuePair key="savedesign" value="2" description="" />
   <keyValuePair key="saversbdesign" value="6" description="" />
   <keyValuePair key="settopnode" value="1" description="" />
   <keyValuePair key="simulationrelaunch" value="17" description="" />
   <keyValuePair key="simulationrun" value="5" description="" />
   <keyValuePair key="stoptrigger" value="1" description="" />
   <keyValuePair key="toolssettings" value="1" description="" />
   <keyValuePair key="toolstemplates" value="1" description="" />
   <keyValuePair key="updatesourcefiles" value="1" description="" />
   <keyValuePair key="upgradeip" value="4" description="" />
   <keyValuePair key="validatersbdesign" value="6" description="" />
   <keyValuePair key="viewlayoutcmd" value="1" description="" />
   <keyValuePair key="viewtaskimplementation" value="1" description="" />
   <keyValuePair key="viewtasksynthesis" value="6" description="" />
   <keyValuePair key="waveformsaveconfiguration" value="1" description="" />
   <keyValuePair key="waveformsaveconfigurationas" value="1" description="" />
  </section>
  <section name="other_data" level="2" order="3" description="">
   <keyValuePair key="guimode" value="13" description="" />
  </section>
  <section name="project_data" level="2" order="4" description="">
   <keyValuePair key="constraintsetcount" value="1" description="" />
   <keyValuePair key="core_container" value="false" description="" />
   <keyValuePair key="currentimplrun" value="impl_1" description="" />
   <keyValuePair key="currentsynthesisrun" value="synth_1" description="" />
   <keyValuePair key="default_library" value="xil_defaultlib" description="" />
   <keyValuePair key="designmode" value="RTL" description="" />
   <keyValuePair key="export_simulation_activehdl" value="5" description="" />
   <keyValuePair key="export_simulation_ies" value="5" description="" />
   <keyValuePair key="export_simulation_modelsim" value="5" description="" />
   <keyValuePair key="export_simulation_questa" value="5" description="" />
   <keyValuePair key="export_simulation_riviera" value="5" description="" />
   <keyValuePair key="export_simulation_vcs" value="5" description="" />
   <keyValuePair key="export_simulation_xsim" value="5" description="" />
   <keyValuePair key="implstrategy" value="Vivado Implementation Defaults" description="" />
   <keyValuePair key="launch_simulation_activehdl" value="0" description="" />
   <keyValuePair key="launch_simulation_ies" value="0" description="" />
   <keyValuePair key="launch_simulation_modelsim" value="0" description="" />
   <keyValuePair key="launch_simulation_questa" value="0" description="" />
   <keyValuePair key="launch_simulation_riviera" value="0" description="" />
   <keyValuePair key="launch_simulation_vcs" value="0" description="" />
   <keyValuePair key="launch_simulation_xsim" value="42" description="" />
   <keyValuePair key="simulator_language" value="VHDL" description="" />
   <keyValuePair key="srcsetcount" value="9" description="" />
   <keyValuePair key="synthesisstrategy" value="Vivado Synthesis Defaults" description="" />
   <keyValuePair key="target_language" value="VHDL" description="" />
   <keyValuePair key="target_simulator" value="XSim" description="" />
   <keyValuePair key="totalimplruns" value="12" description="" />
   <keyValuePair key="totalsynthesisruns" value="12" description="" />
  </section>
 </section>
 <section name="xsim" level="1" order="11" description="">
  <section name="command_line_options" level="2" order="1" description="">
   <keyValuePair key="-sim_mode" value="behavioral" description="" />
   <keyValuePair key="-sim_type" value="default::" description="" />
  </section>
 </section>
</section>
</webTalkData>
