<?xml version="1.0" encoding="UTF-8"?>
<GenRun Id="top_bd_edge_detector_1_0_synth_1" LaunchPart="xc7a35tcpg236-1" LaunchTime="1557904492">
  <File Type="REPORTS-TCL" Name="top_bd_edge_detector_1_0_reports.tcl"/>
  <File Type="PA-TCL" Name="top_bd_edge_detector_1_0.tcl"/>
  <File Type="RDS-DCP" Name="top_bd_edge_detector_1_0.dcp"/>
  <File Type="RDS-RDS" Name="top_bd_edge_detector_1_0.vds"/>
  <File Type="RDS-UTIL" Name="top_bd_edge_detector_1_0_utilization_synth.rpt"/>
  <File Type="RDS-UTIL-PB" Name="top_bd_edge_detector_1_0_utilization_synth.pb"/>
  <FileSet Name="sources" Type="BlockSrcs" RelSrcDir="$PSRCDIR/top_bd_edge_detector_1_0">
    <File Path="$PSRCDIR/sources_1/bd/top_bd/ip/top_bd_edge_detector_1_0/top_bd_edge_detector_1_0.xci">
      <FileInfo>
        <Attr Name="ImportPath" Val="$PPRDIR/../../../../Downloads/LAB4_solution/lab4_assignment/lab4_assignment.srcs/sources_1/bd/top_bd/ip/top_bd_edge_detector_1_0/top_bd_edge_detector_1_0.xci"/>
        <Attr Name="ImportTime" Val="1612956154"/>
        <Attr Name="UsedIn" Val="synthesis"/>
        <Attr Name="UsedIn" Val="implementation"/>
        <Attr Name="UsedIn" Val="simulation"/>
      </FileInfo>
    </File>
    <Config>
      <Option Name="TopModule" Val="top_bd_edge_detector_1_0"/>
      <Option Name="UseBlackboxStub" Val="1"/>
    </Config>
  </FileSet>
  <FileSet Name="constrs_in" Type="BlockSrcs" RelSrcDir="$PSRCDIR/top_bd_edge_detector_1_0">
    <File Path="$PSRCDIR/sources_1/bd/top_bd/ip/top_bd_edge_detector_1_0/top_bd_edge_detector_1_0.xci">
      <FileInfo>
        <Attr Name="ImportPath" Val="$PPRDIR/../../../../Downloads/LAB4_solution/lab4_assignment/lab4_assignment.srcs/sources_1/bd/top_bd/ip/top_bd_edge_detector_1_0/top_bd_edge_detector_1_0.xci"/>
        <Attr Name="ImportTime" Val="1612956154"/>
        <Attr Name="UsedIn" Val="synthesis"/>
        <Attr Name="UsedIn" Val="implementation"/>
        <Attr Name="UsedIn" Val="simulation"/>
      </FileInfo>
    </File>
    <Config>
      <Option Name="TopModule" Val="top_bd_edge_detector_1_0"/>
      <Option Name="UseBlackboxStub" Val="1"/>
    </Config>
  </FileSet>
  <Strategy Version="1" Minor="2">
    <StratHandle Name="Vivado Synthesis Defaults" Flow="Vivado Synthesis 2017"/>
    <Step Id="synth_design"/>
  </Strategy>
</GenRun>
