<?xml version="1.0" encoding="UTF-8"?>
<GenRun Id="synth_1" LaunchPart="xc7a35tcpg236-1" LaunchTime="1612957291">
  <File Type="REPORTS-TCL" Name="top_bd_wrapper_reports.tcl"/>
  <File Type="PA-TCL" Name="top_bd_wrapper.tcl"/>
  <File Type="RDS-DCP" Name="top_bd_wrapper.dcp"/>
  <File Type="RDS-RDS" Name="top_bd_wrapper.vds"/>
  <File Type="RDS-UTIL" Name="top_bd_wrapper_utilization_synth.rpt"/>
  <File Type="RDS-UTIL-PB" Name="top_bd_wrapper_utilization_synth.pb"/>
  <FileSet Name="sources" Type="DesignSrcs" RelSrcDir="$PSRCDIR/sources_1" RelGenDir="$PSRCDIR/sources_1">
    <Filter Type="Srcs"/>
    <File Path="$PSRCDIR/sources_1/imports/new/led_controller.vhd">
      <FileInfo>
        <Attr Name="ImportPath" Val="$PPRDIR/../../../../Downloads/LAB4_solution/i2c2_test/i2c2_test.srcs/sources_1/new/led_controller.vhd"/>
        <Attr Name="ImportTime" Val="1557856557"/>
        <Attr Name="UsedIn" Val="synthesis"/>
        <Attr Name="UsedIn" Val="simulation"/>
      </FileInfo>
    </File>
    <File Path="$PSRCDIR/sources_1/imports/new/edge_detector.vhd">
      <FileInfo>
        <Attr Name="ImportPath" Val="$PPRDIR/../../../../Downloads/LAB4_solution/i2c2_test/i2c2_test.srcs/sources_1/new/edge_detector.vhd"/>
        <Attr Name="ImportTime" Val="1557856714"/>
        <Attr Name="UsedIn" Val="synthesis"/>
        <Attr Name="UsedIn" Val="simulation"/>
      </FileInfo>
    </File>
    <File Path="$PSRCDIR/sources_1/imports/new/mute.vhd">
      <FileInfo>
        <Attr Name="ImportPath" Val="$PPRDIR/../../../../Downloads/LAB4_solution/i2c2_test/i2c2_test.srcs/sources_1/new/mute.vhd"/>
        <Attr Name="ImportTime" Val="1557856546"/>
        <Attr Name="UsedIn" Val="synthesis"/>
        <Attr Name="UsedIn" Val="simulation"/>
      </FileInfo>
    </File>
    <File Path="$PSRCDIR/sources_1/imports/new/volume_controller.vhd">
      <FileInfo>
        <Attr Name="ImportPath" Val="$PPRDIR/../../../../Downloads/LAB4_solution/i2c2_test/i2c2_test.srcs/sources_1/new/volume_controller.vhd"/>
        <Attr Name="ImportTime" Val="1557903416"/>
        <Attr Name="UsedIn" Val="synthesis"/>
        <Attr Name="UsedIn" Val="simulation"/>
      </FileInfo>
    </File>
    <File Path="$PSRCDIR/sources_1/imports/new/balance_controller.vhd">
      <FileInfo>
        <Attr Name="ImportPath" Val="$PPRDIR/../../../../Downloads/LAB4_solution/lab4_assignment/lab4_assignment.srcs/sources_1/imports/new/balance_controller.vhd"/>
        <Attr Name="ImportTime" Val="1558605531"/>
        <Attr Name="UsedIn" Val="synthesis"/>
        <Attr Name="UsedIn" Val="simulation"/>
      </FileInfo>
    </File>
    <File Path="$PSRCDIR/sources_1/imports/new/moving_average_filter.vhd">
      <FileInfo>
        <Attr Name="ImportPath" Val="$PPRDIR/../../../../Downloads/LAB4_solution/i2c2_test/i2c2_test.srcs/sources_1/new/moving_average_filter.vhd"/>
        <Attr Name="ImportTime" Val="1557903143"/>
        <Attr Name="UsedIn" Val="synthesis"/>
        <Attr Name="UsedIn" Val="simulation"/>
      </FileInfo>
    </File>
    <File Path="$PSRCDIR/sources_1/imports/new/dual_moving_average_filter.vhd">
      <FileInfo>
        <Attr Name="ImportPath" Val="$PPRDIR/../../../../Downloads/LAB4_solution/lab4_assignment/lab4_assignment.srcs/sources_1/imports/new/dual_moving_average_filter.vhd"/>
        <Attr Name="ImportTime" Val="1560176233"/>
        <Attr Name="UsedIn" Val="synthesis"/>
        <Attr Name="UsedIn" Val="simulation"/>
      </FileInfo>
    </File>
    <File Path="$PSRCDIR/sources_1/bd/top_bd/top_bd.bd">
      <FileInfo>
        <Attr Name="ImportPath" Val="$PPRDIR/../../../../Downloads/LAB4_solution/lab4_assignment/lab4_assignment.srcs/sources_1/bd/top_bd/top_bd.bd"/>
        <Attr Name="ImportTime" Val="1612957261"/>
        <Attr Name="UsedIn" Val="synthesis"/>
        <Attr Name="UsedIn" Val="implementation"/>
        <Attr Name="UsedIn" Val="simulation"/>
      </FileInfo>
    </File>
    <File Path="$PSRCDIR/sources_1/bd/top_bd/hdl/top_bd_wrapper.vhd">
      <FileInfo>
        <Attr Name="ImportPath" Val="$PPRDIR/../../../../Downloads/LAB4_solution/lab4_assignment/lab4_assignment.srcs/sources_1/bd/top_bd/hdl/top_bd_wrapper.vhd"/>
        <Attr Name="ImportTime" Val="1612957261"/>
        <Attr Name="UsedIn" Val="synthesis"/>
        <Attr Name="UsedIn" Val="simulation"/>
      </FileInfo>
    </File>
    <Config>
      <Option Name="DesignMode" Val="RTL"/>
      <Option Name="TopModule" Val="top_bd_wrapper"/>
      <Option Name="TopAutoSet" Val="TRUE"/>
    </Config>
  </FileSet>
  <FileSet Name="constrs_in" Type="Constrs" RelSrcDir="$PSRCDIR/constrs_1">
    <Filter Type="Constrs"/>
    <File Path="$PSRCDIR/constrs_1/new/pins.xdc">
      <FileInfo>
        <Attr Name="ImportPath" Val="$PPRDIR/../../../../Downloads/LAB4_solution/lab4_assignment/lab4_assignment.srcs/constrs_1/new/pins.xdc"/>
        <Attr Name="ImportTime" Val="1557917116"/>
        <Attr Name="UsedIn" Val="synthesis"/>
        <Attr Name="UsedIn" Val="implementation"/>
      </FileInfo>
    </File>
    <Config>
      <Option Name="TargetConstrsFile" Val="$PSRCDIR/constrs_1/new/pins.xdc"/>
      <Option Name="ConstrsType" Val="XDC"/>
    </Config>
  </FileSet>
  <FileSet Name="utils" Type="Utils" RelSrcDir="$PSRCDIR/utils_1">
    <Filter Type="Utils"/>
    <Config>
      <Option Name="TopAutoSet" Val="TRUE"/>
    </Config>
  </FileSet>
  <Strategy Version="1" Minor="2">
    <StratHandle Name="Vivado Synthesis Defaults" Flow="Vivado Synthesis 2017"/>
    <Step Id="synth_design"/>
  </Strategy>
  <BlockFileSet Type="BlockSrcs" Name="top_bd_led_controller_0_0"/>
  <BlockFileSet Type="BlockSrcs" Name="top_bd_clk_wiz_0_0"/>
  <BlockFileSet Type="BlockSrcs" Name="top_bd_edge_detector_0_0"/>
  <BlockFileSet Type="BlockSrcs" Name="top_bd_volume_controller_0_1"/>
  <BlockFileSet Type="BlockSrcs" Name="top_bd_edge_detector_1_0"/>
  <BlockFileSet Type="BlockSrcs" Name="top_bd_Pmod_JSTK2_0_0"/>
  <BlockFileSet Type="BlockSrcs" Name="top_bd_mute_0_0"/>
  <BlockFileSet Type="BlockSrcs" Name="top_bd_pmod_i2s2_0_0"/>
  <BlockFileSet Type="BlockSrcs" Name="top_bd_util_vector_logic_0_0"/>
  <BlockFileSet Type="BlockSrcs" Name="top_bd_dual_moving_average_filter_0_0"/>
  <BlockFileSet Type="BlockSrcs" Name="top_bd_balance_controller_0_0"/>
</GenRun>
